id,name,Lines,Lentivirus/PB,Cell line (old name),Clone (old name),stock_id,stock_name,stock_storage_id,stock_location_in_box,stock_stored_on
903,409B2-Ar,409B2,,iPS22-00004,,255,409B2-Ar,,,2024-02-13
903,409B2-Ar,409B2,,iPS22-00004,,289,WVS04A PB,,,2024-02-13
903,409B2-Ar,409B2,,iPS22-00004,,339,409B2-Ar,,,
903,409B2-Ar,409B2,,iPS22-00004,,340,CTL01A,,,
903,409B2-Ar,409B2,,iPS22-00004,,341,CTL01A,,,2024-02-15
903,409B2-Ar,409B2,,iPS22-00004,,342,409B2-Ar,,,2024-02-15
903,409B2-Ar,409B2,,iPS22-00004,,343,409B2-Ar,,,2024-02-15
903,409B2-Ar,409B2,,iPS22-00004,,344,409B2-Ar,,,2024-02-15
903,409B2-Ar,409B2,,iPS22-00004,,345,409B2-Ar,,,2024-02-15
903,409B2-Ar,409B2,,iPS22-00004,,346,409B2-Ar,,,
903,409B2-Ar,409B2,,iPS22-00004,,347,409B2-Ar,,,
903,409B2-Ar,409B2,,iPS22-00004,,348,CTL01A,,,
903,409B2-Ar,409B2,,iPS22-00004,,349,CTL01A,,,
903,409B2-Ar,409B2,,iPS22-00004,,350,CTL01A,,,
903,409B2-Ar,409B2,,iPS22-00004,,351,CTL01A,,,
903,409B2-Ar,409B2,,iPS22-00004,,352,NDDS-0001-P-C2,,,
903,409B2-Ar,409B2,,iPS22-00004,,353,NDDS-0001-P-C2,,,
903,409B2-Ar,409B2,,iPS22-00004,,354,NDDS-0001-P-C2,,,
903,409B2-Ar,409B2,,iPS22-00004,,355,NDDS-0001-P-C2,,,
903,409B2-Ar,409B2,,iPS22-00004,,356,409B2-Ar,,,0023-08-03
903,409B2-Ar,409B2,,iPS22-00004,,357,409B2-Ar,,,0023-08-03
903,409B2-Ar,409B2,,iPS22-00004,,358,CTL01A,,,0023-02-18
903,409B2-Ar,409B2,,iPS22-00004,,359,CTL01A,,,0023-02-18
903,409B2-Ar,409B2,,iPS22-00004,,360,CTL01A,,,0023-02-18
903,409B2-Ar,409B2,,iPS22-00004,,361,CTL01A,,,0023-02-18
903,409B2-Ar,409B2,,iPS22-00004,,362,BTAG,,,0023-05-16
903,409B2-Ar,409B2,,iPS22-00004,,363,BTAG,,,0023-05-16
903,409B2-Ar,409B2,,iPS22-00004,,364,409B2-Ar,,,0023-01-23
903,409B2-Ar,409B2,,iPS22-00004,,365,409B2-Ar,,,0023-01-23
903,409B2-Ar,409B2,,iPS22-00004,,366,409B2-Ar,,,0023-01-23
903,409B2-Ar,409B2,,iPS22-00004,,367,409B2-Ar,,,0023-01-23
903,409B2-Ar,409B2,,iPS22-00004,,368,409B2-Ar,,,0023-01-23
903,409B2-Ar,409B2,,iPS22-00004,,369,409B2-Ar,,,0023-01-17
903,409B2-Ar,409B2,,iPS22-00004,,370,409B2-Ar,,,0023-01-17
904,ADA01B,ADA01B,,327,G,371,ADA01B,,,0022-02-02
904,ADA01B,ADA01B,,327,G,372,ADA01B,,,0022-02-02
904,ADA01B,ADA01B,,327,G,373,ADA01B,,,0022-02-02
904,ADA01B,ADA01B,,327,G,374,ADA01B,,,0022-02-02
904,ADA01B,ADA01B,,327,G,375,ADA01B,,,0022-01-27
904,ADA01B,ADA01B,,327,G,376,ADA01B,,,0022-01-27
904,ADA01B,ADA01B,,327,G,377,ADA01B,,,0022-01-27
904,ADA01B,ADA01B,,327,G,378,ADA01B,,,0022-01-27
904,ADA01B,ADA01B,,327,G,379,ADA02E,,,0021-10-31
904,ADA01B,ADA01B,,327,G,380,ADA02E,,,0021-10-31
904,ADA01B,ADA01B,,327,G,381,ADA02E,,,0021-10-31
904,ADA01B,ADA01B,,327,G,382,ADA02E,,,0021-10-31
904,ADA01B,ADA01B,,327,G,383,ADA02E,,,0021-10-26
904,ADA01B,ADA01B,,327,G,384,ADA02E,,,0021-10-26
904,ADA01B,ADA01B,,327,G,385,ADA02E,,,0021-10-26
904,ADA01B,ADA01B,,327,G,386,ADA02E,,,0021-10-26
904,ADA01B,ADA01B,,327,G,387,ADA03A,,,0022-07-02
904,ADA01B,ADA01B,,327,G,388,ADA03A,,,0022-07-02
905,ADA02C,ADA02C,,647,C,389,ADA03A,,,0022-07-02
906,ADA02C PB,ADA02C,PB,647,C,390,ADA03A,,,0022-07-02
906,ADA02C PB,ADA02C,PB,647,C,391,ADA03A,,,0022-04-02
907,ADA02E,ADA02E,,647,E,392,ADA03A,,,0022-04-02
907,ADA02E,ADA02E,,647,E,393,ADA03A,,,0022-04-02
907,ADA02E,ADA02E,,647,E,394,ADA03A,,,0022-04-02
907,ADA02E,ADA02E,,647,E,395,ADA03AFLAGClone10,,,0021-10-22
907,ADA02E,ADA02E,,647,E,396,ADA03AFLAGClone10,,,0021-10-22
907,ADA02E,ADA02E,,647,E,397,ADA03AFLAGClone10,,,0021-10-22
907,ADA02E,ADA02E,,647,E,398,ADA03AFLAGClone10,,,0021-10-22
907,ADA02E,ADA02E,,647,E,399,ADA06A,,,0021-10-29
907,ADA02E,ADA02E,,647,E,400,ADA06A,,,0021-10-29
907,ADA02E,ADA02E,,647,E,401,ADA06A,,,0021-10-29
907,ADA02E,ADA02E,,647,E,402,ADA06A,,,0021-10-24
907,ADA02E,ADA02E,,647,E,403,ADA06A,,,0021-10-24
907,ADA02E,ADA02E,,647,E,404,ADA06A,,,0021-10-24
907,ADA02E,ADA02E,,647,E,405,ADA06A,,,0021-10-24
907,ADA02E,ADA02E,,647,E,406,ADA29A,,,0022-10-02
907,ADA02E,ADA02E,,647,E,407,ADA29A,,,0022-10-02
908,ADA03A,ADA03A,,AD-1,A,408,ADA29A,,,0022-10-02
908,ADA03A,ADA03A,,AD-1,A,409,ADA29A,,,0022-10-02
908,ADA03A,ADA03A,,AD-1,A,410,ADA29A,,,0022-10-02
908,ADA03A,ADA03A,,AD-1,A,411,ADA29A,,,0022-10-02
908,ADA03A,ADA03A,,AD-1,A,412,ADA29A,,,0022-10-02
908,ADA03A,ADA03A,,AD-1,A,413,ADA29A,,,0022-10-02
908,ADA03A,ADA03A,,AD-1,A,414,ADA32A,,,0022-03-18
908,ADA03A,ADA03A,,AD-1,A,415,ADA32A,,,0022-03-18
908,ADA03A,ADA03A,,AD-1,A,416,ADA32A,,,0022-03-18
908,ADA03A,ADA03A,,AD-1,A,417,ADA32A,,,0022-03-18
908,ADA03A,ADA03A,,AD-1,A,418,ADA32A,,,0022-03-15
908,ADA03A,ADA03A,,AD-1,A,419,ADA32A,,,0022-03-15
908,ADA03A,ADA03A,,AD-1,A,420,ADA32A,,,0022-03-15
908,ADA03A,ADA03A,,AD-1,A,421,ADA32A,,,0022-03-15
908,ADA03A,ADA03A,,AD-1,A,422,AWB01B,,,0022-07-25
908,ADA03A,ADA03A,,AD-1,A,423,AWB01B,,,0022-07-25
909,ADA03AFLAGClone10,ADA03A,,AD-1,A,424,AWB01B,,,0022-07-25
909,ADA03AFLAGClone10,ADA03A,,AD-1,A,425,AWB01B,,,0022-07-25
909,ADA03AFLAGClone10,ADA03A,,AD-1,A,426,CTL01A,,,0023-02-18
909,ADA03AFLAGClone10,ADA03A,,AD-1,A,427,CTL01A,,,0023-03-03
909,ADA03AFLAGClone10,ADA03A,,AD-1,A,428,CHASERR,,,0023-01-23
909,ADA03AFLAGClone10,ADA03A,,AD-1,A,429,CHASERR,,,0023-01-23
909,ADA03AFLAGClone10,ADA03A,,AD-1,A,430,AWB01B,,,2024-02-15
909,ADA03AFLAGClone10,ADA03A,,AD-1,A,431,409B2-Ar,842,1,0023-08-03
909,ADA03AFLAGClone10,ADA03A,,AD-1,A,432,409B2-Ar,842,2,0023-08-03
909,ADA03AFLAGClone10,ADA03A,,AD-1,A,433,CTL01A,844,1,0023-02-18
909,ADA03AFLAGClone10,ADA03A,,AD-1,A,434,NDDS-0001-P-C2,856,1,0023-03-11
909,ADA03AFLAGClone10,ADA03A,,AD-1,A,435,CTL01A,844,2,0023-02-18
910,ADA06A,ADA06A,,ML,A,436,NDDS-0001-P-C2,856,2,0023-03-11
910,ADA06A,ADA06A,,ML,A,437,CTL01A,844,3,0023-02-18
910,ADA06A,ADA06A,,ML,A,438,NDDS-0001-P-C2,856,3,0023-03-11
910,ADA06A,ADA06A,,ML,A,439,CTL01A,844,4,0023-02-18
910,ADA06A,ADA06A,,ML,A,440,NDDS-0001-P-C2,856,4,0023-03-11
910,ADA06A,ADA06A,,ML,A,441,BTAG,842,3,0023-05-16
910,ADA06A,ADA06A,,ML,A,442,BTAG,842,4,0023-05-16
910,ADA06A,ADA06A,,ML,A,443,409B2-Ar,857,71,0023-01-23
910,ADA06A,ADA06A,,ML,A,444,409B2-Ar,857,72,0023-01-23
910,ADA06A,ADA06A,,ML,A,445,409B2-Ar,857,73,0023-01-23
910,ADA06A,ADA06A,,ML,A,446,409B2-Ar,857,74,0023-01-23
910,ADA06A,ADA06A,,ML,A,447,409B2-Ar,857,75,0023-01-23
910,ADA06A,ADA06A,,ML,A,448,409B2-Ar,857,55,0023-01-17
910,ADA06A,ADA06A,,ML,A,449,409B2-Ar,857,56,0023-01-17
910,ADA06A,ADA06A,,ML,A,450,ADA01B,865,7,0021-10-05
911,ADA29A,ADA29A,,LB,A,451,ADA01B,865,8,0021-10-05
911,ADA29A,ADA29A,,LB,A,452,ADA01B,860,13,0022-02-02
911,ADA29A,ADA29A,,LB,A,453,ADA01B,860,14,0022-02-02
911,ADA29A,ADA29A,,LB,A,454,ADA01B,860,15,0022-02-02
911,ADA29A,ADA29A,,LB,A,455,ADA01B,860,16,0022-02-02
911,ADA29A,ADA29A,,LB,A,456,ADA01B,860,9,0022-01-27
911,ADA29A,ADA29A,,LB,A,457,ADA01B,860,10,0022-01-27
911,ADA29A,ADA29A,,LB,A,458,ADA01B,860,11,0022-01-27
911,ADA29A,ADA29A,,LB,A,459,ADA01B,860,12,0022-01-27
911,ADA29A,ADA29A,,LB,A,460,ADA02C,,,0018-10-05
911,ADA29A,ADA29A,,LB,A,461,ADA02C PB,892,45,0018-07-14
911,ADA29A,ADA29A,,LB,A,462,ADA02C PB,892,46,0018-07-14
911,ADA29A,ADA29A,,LB,A,463,ADA02E,864,17,0021-10-31
911,ADA29A,ADA29A,,LB,A,464,ADA02E,864,18,0021-10-31
911,ADA29A,ADA29A,,LB,A,465,ADA02E,864,19,0021-10-31
911,ADA29A,ADA29A,,LB,A,466,ADA02E,864,20,0021-10-31
911,ADA29A,ADA29A,,LB,A,467,ADA02E,865,73,0021-10-26
911,ADA29A,ADA29A,,LB,A,468,ADA02E,865,74,0021-10-26
911,ADA29A,ADA29A,,LB,A,469,ADA02E,865,75,0021-10-26
911,ADA29A,ADA29A,,LB,A,470,ADA02E,865,76,0021-10-26
912,ADA32A,ADA32A,,AD9,,471,ADA03A,860,21,0022-07-02
912,ADA32A,ADA32A,,AD9,,472,ADA03A,860,22,0022-07-02
912,ADA32A,ADA32A,,AD9,,473,ADA03A,860,23,0022-07-02
912,ADA32A,ADA32A,,AD9,,474,ADA03A,860,24,0022-07-02
912,ADA32A,ADA32A,,AD9,,475,ADA03A,860,17,0022-04-02
912,ADA32A,ADA32A,,AD9,,476,ADA03A,860,18,0022-04-02
912,ADA32A,ADA32A,,AD9,,477,ADA03A,860,19,0022-04-02
912,ADA32A,ADA32A,,AD9,,478,ADA03A,860,20,0022-04-02
912,ADA32A,ADA32A,,AD9,,479,ADA03AFLAGClone10,865,10,0021-10-05
912,ADA32A,ADA32A,,AD9,,480,ADA03AFLAGClone10,865,65,0021-10-22
912,ADA32A,ADA32A,,AD9,,481,ADA03AFLAGClone10,865,66,0021-10-22
912,ADA32A,ADA32A,,AD9,,482,ADA03AFLAGClone10,865,67,0021-10-22
912,ADA32A,ADA32A,,AD9,,483,ADA03AFLAGClone10,865,68,0021-10-22
912,ADA32A,ADA32A,,AD9,,484,ADA03AFLAGClone10,865,14,0021-04-24
912,ADA32A,ADA32A,,AD9,,485,ADA03AFLAGClone10,865,15,0021-04-24
912,ADA32A,ADA32A,,AD9,,486,ADA03AFLAGClone10,865,16,0021-04-24
913,AWB01B,AWB01B,,192,B,487,ADA06A,864,14,0021-10-29
913,AWB01B,AWB01B,,192,B,488,ADA06A,864,15,0021-10-29
913,AWB01B,AWB01B,,192,B,489,ADA06A,864,16,0021-10-29
913,AWB01B,AWB01B,,192,B,490,ADA06A,865,69,0021-10-24
913,AWB01B,AWB01B,,192,B,491,ADA06A,865,70,0021-10-24
913,AWB01B,AWB01B,,192,B,492,ADA06A,865,71,0021-10-24
913,AWB01B,AWB01B,,192,B,493,ADA06A,865,72,0021-10-24
913,AWB01B,AWB01B,,192,B,494,ADA06A,865,6,0021-11-06
913,AWB01B,AWB01B,,192,B,495,ADA29A,865,9,0021-10-05
913,AWB01B,AWB01B,,192,B,496,ADA29A,860,25,0022-10-02
913,AWB01B,AWB01B,,192,B,497,ADA29A,860,26,0022-10-02
913,AWB01B,AWB01B,,192,B,498,ADA29A,860,27,0022-10-02
913,AWB01B,AWB01B,,192,B,499,ADA29A,860,28,0022-10-02
914,AWB01B PB,AWB01B,PB,192,B,500,ADA29A,860,29,0022-10-02
914,AWB01B PB,AWB01B,PB,192,B,501,ADA29A,860,30,0022-10-02
915,BTAG,BTAG,,,,502,ADA29A,860,31,0022-10-02
915,BTAG,BTAG,,,,503,ADA29A,860,32,0022-10-02
915,BTAG,BTAG,,,,504,ADA29A,865,11,0021-06-22
915,BTAG,BTAG,,,,505,ADA29A,865,12,0021-06-22
915,BTAG,BTAG,,,,506,ADA29A,865,13,0021-06-22
915,BTAG,BTAG,,,,507,ADA32A,866,25,0022-03-18
915,BTAG,BTAG,,,,508,ADA32A,866,26,0022-03-18
915,BTAG,BTAG,,,,509,ADA32A,866,27,0022-03-18
915,BTAG,BTAG,,,,510,ADA32A,866,28,0022-03-18
915,BTAG,BTAG,,,,511,ADA32A,866,21,0022-03-15
915,BTAG,BTAG,,,,512,ADA32A,866,22,0022-03-15
915,BTAG,BTAG,,,,513,ADA32A,866,23,0022-03-15
916,CHASERR,CHD2,,iPS22-00062,,514,ADA32A,866,24,0022-03-15
916,CHASERR,CHD2,,iPS22-00062,,515,AWB01B,867,29,0022-07-25
916,CHASERR,CHD2,,iPS22-00062,,516,AWB01B,867,30,0022-07-25
916,CHASERR,CHD2,,iPS22-00062,,517,AWB01B,867,31,0022-07-25
916,CHASERR,CHD2,,iPS22-00062,,518,AWB01B,867,32,0022-07-25
916,CHASERR,CHD2,,iPS22-00062,,519,AWB01B,893,15,0022-08-08
916,CHASERR,CHD2,,iPS22-00062,,520,AWB01B,893,16,0022-08-08
916,CHASERR,CHD2,,iPS22-00062,,521,AWB01B,893,17,0022-08-08
916,CHASERR,CHD2,,iPS22-00062,,522,AWB01B,892,8,0017-09-11
916,CHASERR,CHD2,,iPS22-00062,,523,AWB01B PB,892,66,0017-05-25
916,CHASERR,CHD2,,iPS22-00062,,524,AWB01B PB,892,67,0017-05-25
916,CHASERR,CHD2,,iPS22-00062,,525,CTL01A,844,5,0023-02-18
916,CHASERR,CHD2,,iPS22-00062,,526,NDDS-0001-P-C2,856,5,0023-03-11
916,CHASERR,CHD2,,iPS22-00062,,527,NDDS-0001-P-C2,856,6,0023-03-11
916,CHASERR,CHD2,,iPS22-00062,,528,CTL01A,844,7,0023-03-03
918,CHD2 HT,CHD2 ,,iPS133,,529,CHASERR,857,76,0023-01-23
918,CHD2 HT,CHD2 ,,iPS133,,530,CHASERR,857,77,0023-01-23
918,CHD2 HT,CHD2 ,,iPS133,,531,CHASERR,857,78,0023-01-23
918,CHD2 HT,CHD2 ,,iPS133,,532,CHASERR,857,79,0023-01-23
918,CHD2 HT,CHD2 ,,iPS133,,533,CHASERR,857,80,0023-01-23
918,CHD2 HT,CHD2 ,,iPS133,,534,CHASERR,857,58,0023-01-17
918,CHD2 HT,CHD2 ,,iPS133,,535,CHASERR,857,59,0023-01-17
918,CHD2 HT,CHD2 ,,iPS133,,536,CHASERR,857,60,0023-01-17
918,CHD2 HT,CHD2 ,,iPS133,,537,NDDS-0001-P-C2,856,7,0023-03-11
918,CHD2 HT,CHD2 ,,iPS133,,538,NDDS-0001-P-C2,856,8,0023-03-11
918,CHD2 HT,CHD2 ,,iPS133,,539,NDDS-0001-P-C2,856,9,0023-03-11
918,CHD2 HT,CHD2 ,,iPS133,,540,NDDS-0001-P-C2,856,10,0023-03-11
918,CHD2 HT,CHD2 ,,iPS133,,541,CTL02A,844,11,0023-03-03
918,CHD2 HT,CHD2 ,,iPS133,,542,NDDS-0001-P-C4,856,11,0023-10-29
918,CHD2 HT,CHD2 ,,iPS133,,543,CTL02A,844,12,0023-03-03
918,CHD2 HT,CHD2 ,,iPS133,,544,CHD2 HT,893,6,0022-07-27
919,CHD2 KO,CHD2,,iPS117,,545,CHD2 HT,893,7,0022-07-27
919,CHD2 KO,CHD2,,iPS117,,546,BTAG,842,5,0023-05-16
919,CHD2 KO,CHD2,,iPS117,,547,BTAG,842,6,0023-05-16
919,CHD2 KO,CHD2,,iPS117,,548,BTAG,842,7,0023-05-16
919,CHD2 KO,CHD2,,iPS117,,549,BTAG,842,8,0023-05-19
919,CHD2 KO,CHD2,,iPS117,,550,NDDS-0001-P-C4,856,12,0023-10-29
919,CHD2 KO,CHD2,,iPS117,,551,CTL02A,844,13,0023-03-03
919,CHD2 KO,CHD2,,iPS117,,552,NDDS-0001-P-C4,856,13,0023-10-29
919,CHD2 KO,CHD2,,iPS117,,553,CTL02A,844,14,0023-03-03
919,CHD2 KO,CHD2,,iPS117,,554,NDDS-0001-P-C4,856,14,0023-10-29
919,CHD2 KO,CHD2,,iPS117,,555,CHD2 WT,844,15,0023-05-05
920,CHD2 WT,CHD2,,iPS23,,556,NDDS-0001-P-C4,856,15,0023-10-29
920,CHD2 WT,CHD2,,iPS23,,557,CHD2 WT,844,16,0023-05-05
920,CHD2 WT,CHD2,,iPS23,,558,NDDS-0001-P-C4,856,16,0023-10-29
920,CHD2 WT,CHD2,,iPS23,,559,CHD2 WT,844,17,0023-05-05
920,CHD2 WT,CHD2,,iPS23,,560,CHD2 KO,893,2,0022-07-27
920,CHD2 WT,CHD2,,iPS23,,561,NDDS-0001-P-C4,856,17,0023-10-29
920,CHD2 WT,CHD2,,iPS23,,562,CHD2 WT,844,18,0023-05-05
920,CHD2 WT,CHD2,,iPS23,,563,NDDS-0001-P-C4,856,18,0023-10-29
920,CHD2 WT,CHD2,,iPS23,,564,CHD2 WT,844,19,0023-05-05
920,CHD2 WT,CHD2,,iPS23,,565,NDDS-0001-P-C4,856,19,0023-10-29
920,CHD2 WT,CHD2,,iPS23,,566,CHD2 WTC,844,20,0023-05-05
920,CHD2 WT,CHD2,,iPS23,,567,NDDS-0001-P-C4,856,20,0023-10-29
920,CHD2 WT,CHD2,,iPS23,,568,CHD2 WTC,844,21,0023-05-05
920,CHD2 WT,CHD2,,iPS23,,569,NDDS-0001-2-C3,856,21,0023-10-31
920,CHD2 WT,CHD2,,iPS23,,570,CHD2 WTC,844,22,0023-05-05
920,CHD2 WT,CHD2,,iPS23,,571,CHD2 WT,893,60,0022-08-08
920,CHD2 WT,CHD2,,iPS23,,572,CHD2 WT,857,46,0022-12-20
920,CHD2 WT,CHD2,,iPS23,,573,CHD2 WT,857,47,0022-12-20
920,CHD2 WT,CHD2,,iPS23,,574,CHD2 WT,857,48,0022-12-20
920,CHD2 WT,CHD2,,iPS23,,575,CHD2 WT,857,49,0022-12-20
920,CHD2 WT,CHD2,,iPS23,,576,CHD2 WT,857,50,0022-12-20
920,CHD2 WT,CHD2,,iPS23,,577,CHD2 WT,857,51,0022-12-20
920,CHD2 WT,CHD2,,iPS23,,578,CHD2 WT,857,52,0022-12-20
921,CHD2 WTC,CHD2,,iPS19-00023,,579,CHD2 WT,857,53,0022-12-20
921,CHD2 WTC,CHD2,,iPS19-00023,,580,NDDS-0001-2-C3,856,22,0023-10-31
921,CHD2 WTC,CHD2,,iPS19-00023,,581,CHD2 WTC,844,23,0023-05-05
921,CHD2 WTC,CHD2,,iPS19-00023,,582,NDDS-0001-2-C3,856,23,0023-10-31
921,CHD2 WTC,CHD2,,iPS19-00023,,583,CHD2 HT,844,24,0023-05-05
921,CHD2 WTC,CHD2,,iPS19-00023,,584,NDDS-0001-2-C3,856,24,0023-10-31
921,CHD2 WTC,CHD2,,iPS19-00023,,585,CHD2 WTC,857,66,0023-01-23
921,CHD2 WTC,CHD2,,iPS19-00023,,586,CHD2 WTC,857,67,0023-01-23
921,CHD2 WTC,CHD2,,iPS19-00023,,587,CHD2 WTC,857,68,0023-01-23
921,CHD2 WTC,CHD2,,iPS19-00023,,588,CHD2 WTC,857,69,0023-01-23
921,CHD2 WTC,CHD2,,iPS19-00023,,589,CHD2 WTC,857,70,0023-01-23
921,CHD2 WTC,CHD2,,iPS19-00023,,590,CHD2 HT,844,25,0023-05-05
921,CHD2 WTC,CHD2,,iPS19-00023,,591,NDDS-0001-2-C3,856,25,0023-10-31
921,CHD2 WTC,CHD2,,iPS19-00023,,592,CHD2 HT,844,26,0023-05-05
921,CHD2 WTC,CHD2,,iPS19-00023,,593,NDDS-0001-2-C3,856,26,0023-10-31
921,CHD2 WTC,CHD2,,iPS19-00023,,594,CHD2 WTC,857,62,0023-01-18
921,CHD2 WTC,CHD2,,iPS19-00023,,595,CHD2 WTC,857,63,0023-01-18
922,CHD8 E1114X,CHD8,,H9,,596,CHD2 WTC,857,64,0023-01-18
922,CHD8 E1114X,CHD8,,H9,,597,CHD8 E1114X,867,33,0022-07-25
922,CHD8 E1114X,CHD8,,H9,,598,CHD8 E1114X,867,34,0022-07-25
922,CHD8 E1114X,CHD8,,H9,,599,CHD8 E1114X,867,35,0022-07-25
923,CHD8 HT,CHD8,,H9,,600,CHD8 E1114X,867,36,0022-07-25
923,CHD8 HT,CHD8,,H9,,601,CHD8 HT,857,5,0022-10-08
923,CHD8 HT,CHD8,,H9,,602,CHD8 HT,857,6,0022-10-08
923,CHD8 HT,CHD8,,H9,,603,CHD8 HT,857,7,0022-10-08
924,CHD8 S62X,CHD8,,H9,,604,CHD8 HT,857,8,0022-10-08
924,CHD8 S62X,CHD8,,H9,,605,CHD8 S62X,867,37,0022-07-25
924,CHD8 S62X,CHD8,,H9,,606,CHD8 S62X,867,38,0022-07-25
924,CHD8 S62X,CHD8,,H9,,607,CHD8 S62X,867,39,0022-07-25
925,CHD8 WT,CHD8,,H9,,608,CHD8 S62X,867,40,0022-07-25
925,CHD8 WT,CHD8,,H9,,609,CHD8 WT,893,41,0022-02-08
925,CHD8 WT,CHD8,,H9,,610,CHD8 WT,893,42,0022-02-08
925,CHD8 WT,CHD8,,H9,,611,CHD8 WT,893,43,0022-02-08
925,CHD8 WT,CHD8,,H9,,612,CHD8 WT,893,44,0022-02-08
925,CHD8 WT,CHD8,,H9,,613,BTAG,842,9,0023-05-19
925,CHD8 WT,CHD8,,H9,,614,BTAG,842,10,0023-05-19
925,CHD8 WT,CHD8,,H9,,615,BTAG,842,11,0023-05-19
925,CHD8 WT,CHD8,,H9,,616,BTAG,842,12,0023-05-19
925,CHD8 WT,CHD8,,H9,,617,CHD2 HT,844,27,0023-05-05
925,CHD8 WT,CHD8,,H9,,618,NDDS-0001-2-C3,856,27,0023-10-31
925,CHD8 WT,CHD8,,H9,,619,CHD2 HT,844,28,0023-05-05
925,CHD8 WT,CHD8,,H9,,620,NDDS-0001-2-C3,856,28,0023-10-31
925,CHD8 WT,CHD8,,H9,,621,CHD2 KO,844,29,0023-05-05
926,CTL01A,CTL01A,,339-1,B,622,NDDS-0001-2-C3,856,29,0023-10-31
926,CTL01A,CTL01A,,339-1,B,623,CHD2 KO,844,30,0023-05-05
926,CTL01A,CTL01A,,339-1,B,624,NDDS-0001-2-C3,856,30,0023-10-31
926,CTL01A,CTL01A,,339-1,B,625,CHD2 KO,844,31,0023-05-05
926,CTL01A,CTL01A,,339-1,B,626,WTC-11,856,31,0023-11-12
926,CTL01A,CTL01A,,339-1,B,627,CTL01A,867,41,0022-07-26
926,CTL01A,CTL01A,,339-1,B,628,CTL01A,867,42,0022-07-26
926,CTL01A,CTL01A,,339-1,B,629,CTL01A,867,43,0022-07-26
926,CTL01A,CTL01A,,339-1,B,630,CTL01A,867,44,0022-07-26
926,CTL01A,CTL01A,,339-1,B,631,CTL01A,864,24,0021-10-31
926,CTL01A,CTL01A,,339-1,B,632,CTL01A,865,78,0021-10-26
926,CTL01A,CTL01A,,339-1,B,633,CTL01A,865,79,0021-10-26
926,CTL01A,CTL01A,,339-1,B,634,CTL01A,865,80,0021-10-26
926,CTL01A,CTL01A,,339-1,B,635,CTL01A,857,17,0022-09-27
926,CTL01A,CTL01A,,339-1,B,636,CTL01A,857,18,0022-09-27
926,CTL01A,CTL01A,,339-1,B,637,CTL01A,857,19,0022-09-27
926,CTL01A,CTL01A,,339-1,B,638,CTL01A,857,20,0022-09-27
926,CTL01A,CTL01A,,339-1,B,639,CTL01A,857,21,0022-09-27
926,CTL01A,CTL01A,,339-1,B,640,CTL01A,857,22,0022-09-27
926,CTL01A,CTL01A,,339-1,B,641,CTL01A,857,23,0022-09-27
926,CTL01A,CTL01A,,339-1,B,642,CTL01A,857,24,0022-09-27
926,CTL01A,CTL01A,,339-1,B,643,CTL01A,857,25,0022-09-27
926,CTL01A,CTL01A,,339-1,B,644,CTL01A PB,892,1,0020-03-09
926,CTL01A,CTL01A,,339-1,B,645,CTL01A PB,892,2,0020-03-09
926,CTL01A,CTL01A,,339-1,B,646,CTL01C,865,53,0021-10-15
926,CTL01A,CTL01A,,339-1,B,647,CTL01C,865,54,0021-10-15
926,CTL01A,CTL01A,,339-1,B,648,CTL01C,865,55,0021-10-15
926,CTL01A,CTL01A,,339-1,B,649,CTL01C,865,56,0021-10-15
926,CTL01A,CTL01A,,339-1,B,650,CTL01C,865,61,0021-10-19
926,CTL01A,CTL01A,,339-1,B,651,CTL01C,865,62,0021-10-19
926,CTL01A,CTL01A,,339-1,B,652,CTL01C,865,63,0021-10-19
926,CTL01A,CTL01A,,339-1,B,653,CTL01C,865,64,0021-10-19
926,CTL01A,CTL01A,,339-1,B,654,CTL01C PB,892,68,0017-05-29
926,CTL01A,CTL01A,,339-1,B,655,CTL01C PB,892,69,0017-05-29
926,CTL01A,CTL01A,,339-1,B,656,CHD2 KO,844,32,0023-05-05
927,CTL01A PB,CTL01A,PB,339-1,B,657,WTC-11,856,32,0023-11-12
927,CTL01A PB,CTL01A,PB,339-1,B,658,CHD2 KO,844,33,0023-05-05
928,CTL01C,CTL01C,,339-1,S,659,WTC-11,856,33,0023-11-12
928,CTL01C,CTL01C,,339-1,S,660,CHD2 WT,844,34,0023-06-03
928,CTL01C,CTL01C,,339-1,S,661,WTC-11,856,34,0023-12-12
928,CTL01C,CTL01C,,339-1,S,662,CHD2 WT,844,35,0023-06-03
928,CTL01C,CTL01C,,339-1,S,663,WTC-11,856,35,0023-12-12
928,CTL01C,CTL01C,,339-1,S,664,CHD2 WT,844,36,0023-06-03
928,CTL01C,CTL01C,,339-1,S,665,WTC-11,856,36,0023-12-12
928,CTL01C,CTL01C,,339-1,S,666,CHD2 WT,844,37,0023-06-03
929,CTL01C PB,CTL01C,PB,339-1,S,667,WTC-11,856,37,0023-11-22
929,CTL01C PB,CTL01C,PB,339-1,S,668,CHD2 WT,844,38,0023-06-03
930,CTL02A,CTL02A,,MIFF,1,669,WTC-11,856,38,0023-11-22
930,CTL02A,CTL02A,,MIFF,1,670,CTL02A,867,46,0022-07-26
930,CTL02A,CTL02A,,MIFF,1,671,CTL02A,867,47,0022-07-26
930,CTL02A,CTL02A,,MIFF,1,672,CTL02A,867,48,0022-07-26
930,CTL02A,CTL02A,,MIFF,1,673,CTL02A,857,28,0022-09-27
930,CTL02A,CTL02A,,MIFF,1,674,CTL02A,857,29,0022-09-27
930,CTL02A,CTL02A,,MIFF,1,675,CTL02A,857,30,0022-09-27
930,CTL02A,CTL02A,,MIFF,1,676,CTL02A,857,31,0022-09-27
930,CTL02A,CTL02A,,MIFF,1,677,CTL02A,857,32,0022-09-27
930,CTL02A,CTL02A,,MIFF,1,678,CTL02A,857,33,0022-09-27
930,CTL02A,CTL02A,,MIFF,1,679,CTL02A,857,34,0022-09-27
930,CTL02A,CTL02A,,MIFF,1,680,CTL02A,857,35,0022-09-27
930,CTL02A,CTL02A,,MIFF,1,681,CHD2 KO,844,39,0023-06-03
930,CTL02A,CTL02A,,MIFF,1,682,WTC-11,856,39,0023-11-22
930,CTL02A,CTL02A,,MIFF,1,683,CHD2 KO,844,40,0023-06-03
930,CTL02A,CTL02A,,MIFF,1,684,WTC-11,856,40,0023-11-22
930,CTL02A,CTL02A,,MIFF,1,685,CHD2 KO,844,41,0023-06-03
930,CTL02A,CTL02A,,MIFF,1,686,CTL02A PB,892,47,0021-01-26
930,CTL02A,CTL02A,,MIFF,1,687,CTL02A PB,892,48,0021-01-26
930,CTL02A,CTL02A,,MIFF,1,688,CTL02B,865,57,0021-10-19
930,CTL02A,CTL02A,,MIFF,1,689,CTL02B,865,58,0021-10-19
930,CTL02A,CTL02A,,MIFF,1,690,CTL02B,865,59,0021-10-19
930,CTL02A,CTL02A,,MIFF,1,691,CTL02B,865,60,0021-10-19
930,CTL02A,CTL02A,,MIFF,1,692,CTL02B,865,41,0021-11-10
930,CTL02A,CTL02A,,MIFF,1,693,CTL02B,865,42,0021-11-10
931,CTL02A PB,CTL02A,PB,MIFF,1,694,CTL02B,865,43,0021-11-10
931,CTL02A PB,CTL02A,PB,MIFF,1,695,CTL02B,865,44,0021-11-10
932,CTL02B,CTL02B,,MIFF,3,696,CTL02B PB,892,70,0017-04-22
932,CTL02B,CTL02B,,MIFF,3,697,CTL02B PB,892,71,0017-04-22
932,CTL02B,CTL02B,,MIFF,3,698,CTL04E,865,1,0021-10-05
932,CTL02B,CTL02B,,MIFF,3,699,CTL04E,864,61,0021-02-12
932,CTL02B,CTL02B,,MIFF,3,700,CTL04E,864,62,0021-02-12
932,CTL02B,CTL02B,,MIFF,3,701,CTL04E,864,63,0021-02-12
932,CTL02B,CTL02B,,MIFF,3,702,CTL04E,864,64,0021-02-12
932,CTL02B,CTL02B,,MIFF,3,703,CTL04E,894,4,0022-02-11
933,CTL02B PB,CTL02B,PB,MIFF,3,704,CTL04E,894,5,0022-02-11
933,CTL02B PB,CTL02B,PB,MIFF,3,705,CTL04E,894,6,0022-02-11
934,CTL04E,CTL04E,,809-1,5,706,CTL04E,894,7,0022-02-11
934,CTL04E,CTL04E,,809-1,5,707,CTL04E,894,8,0022-02-11
934,CTL04E,CTL04E,,809-1,5,708,CTL04E,894,9,0022-02-11
934,CTL04E,CTL04E,,809-1,5,709,CTL04E,894,10,0022-02-11
934,CTL04E,CTL04E,,809-1,5,710,CTL04E,894,11,0022-02-11
934,CTL04E,CTL04E,,809-1,5,711,CTL04E,894,12,0022-02-11
934,CTL04E,CTL04E,,809-1,5,712,CTL04E,894,13,0022-02-11
934,CTL04E,CTL04E,,809-1,5,713,CTL04E,894,14,0022-02-11
934,CTL04E,CTL04E,,809-1,5,714,CTL04E,894,15,0022-02-11
934,CTL04E,CTL04E,,809-1,5,715,CTL04E,894,16,0022-02-11
934,CTL04E,CTL04E,,809-1,5,716,CTL04E,894,17,0022-02-11
934,CTL04E,CTL04E,,809-1,5,717,CTL04E,894,18,0022-02-11
934,CTL04E,CTL04E,,809-1,5,718,CTL04E,894,19,0022-02-11
934,CTL04E,CTL04E,,809-1,5,719,CTL04E,894,20,0022-02-11
934,CTL04E,CTL04E,,809-1,5,720,CTL04E,894,21,0022-02-11
934,CTL04E,CTL04E,,809-1,5,721,CTL04E,894,22,0022-02-11
934,CTL04E,CTL04E,,809-1,5,722,CTL04E,894,23,0022-02-11
934,CTL04E,CTL04E,,809-1,5,723,CTL04E,894,24,0022-02-11
934,CTL04E,CTL04E,,809-1,5,724,CTL04E,894,25,0022-02-11
934,CTL04E,CTL04E,,809-1,5,725,CTL04E,894,26,0022-02-11
934,CTL04E,CTL04E,,809-1,5,726,CTL04E,894,27,0022-02-11
934,CTL04E,CTL04E,,809-1,5,727,CTL04E,894,28,0022-02-11
934,CTL04E,CTL04E,,809-1,5,728,CTL04E,894,29,0022-02-11
934,CTL04E,CTL04E,,809-1,5,729,CTL04E,894,30,0022-02-11
934,CTL04E,CTL04E,,809-1,5,730,CTL04E,894,31,0022-02-11
934,CTL04E,CTL04E,,809-1,5,731,CTL04E,894,32,0022-02-11
934,CTL04E,CTL04E,,809-1,5,732,CTL04E,894,33,0022-02-11
934,CTL04E,CTL04E,,809-1,5,733,CTL04E,894,34,0022-02-11
934,CTL04E,CTL04E,,809-1,5,734,CTL04E,894,35,0022-02-11
934,CTL04E,CTL04E,,809-1,5,735,CTL04E,894,36,0022-02-11
934,CTL04E,CTL04E,,809-1,5,736,CTL04E,894,37,0022-02-11
934,CTL04E,CTL04E,,809-1,5,737,CTL04E,894,38,0022-02-11
934,CTL04E,CTL04E,,809-1,5,738,CTL04E,894,39,0022-02-11
934,CTL04E,CTL04E,,809-1,5,739,CTL04E,894,40,0022-02-11
934,CTL04E,CTL04E,,809-1,5,740,CTL04E,894,41,0022-02-11
934,CTL04E,CTL04E,,809-1,5,741,CTL04E,894,42,0022-02-11
934,CTL04E,CTL04E,,809-1,5,742,CTL04E,894,43,0022-02-11
934,CTL04E,CTL04E,,809-1,5,743,CTL04E,894,44,0022-02-11
934,CTL04E,CTL04E,,809-1,5,744,CTL04E,894,45,0022-02-11
934,CTL04E,CTL04E,,809-1,5,745,CTL04E,894,46,0022-02-11
934,CTL04E,CTL04E,,809-1,5,746,CTL04E,894,47,0022-02-11
934,CTL04E,CTL04E,,809-1,5,747,CTL04E,894,48,0022-02-11
934,CTL04E,CTL04E,,809-1,5,748,CTL04E,894,49,0022-02-11
934,CTL04E,CTL04E,,809-1,5,749,CTL04E,894,50,0022-02-11
934,CTL04E,CTL04E,,809-1,5,750,CTL04E,894,51,0022-02-11
934,CTL04E,CTL04E,,809-1,5,751,CTL04E,894,52,0022-02-11
934,CTL04E,CTL04E,,809-1,5,752,CTL04E,895,1,
934,CTL04E,CTL04E,,809-1,5,753,CTL04E,895,2,
934,CTL04E,CTL04E,,809-1,5,754,CTL04E,895,3,
934,CTL04E,CTL04E,,809-1,5,755,CTL04E,895,4,
934,CTL04E,CTL04E,,809-1,5,756,CTL04E,895,5,
934,CTL04E,CTL04E,,809-1,5,757,CTL04E,895,6,
934,CTL04E,CTL04E,,809-1,5,758,CTL04E,895,7,
934,CTL04E,CTL04E,,809-1,5,759,CTL04E,895,8,
934,CTL04E,CTL04E,,809-1,5,760,CTL04E,895,9,
934,CTL04E,CTL04E,,809-1,5,761,CTL04E,895,10,
934,CTL04E,CTL04E,,809-1,5,762,CTL04E,895,11,
934,CTL04E,CTL04E,,809-1,5,763,CTL04E,895,12,
934,CTL04E,CTL04E,,809-1,5,764,CTL04E,895,13,
934,CTL04E,CTL04E,,809-1,5,765,CTL04E,895,14,
934,CTL04E,CTL04E,,809-1,5,766,CTL04E,895,15,
934,CTL04E,CTL04E,,809-1,5,767,CTL04E,895,16,
934,CTL04E,CTL04E,,809-1,5,768,CTL04E,895,17,
934,CTL04E,CTL04E,,809-1,5,769,CTL04E,895,18,
934,CTL04E,CTL04E,,809-1,5,770,CTL04E,895,19,
934,CTL04E,CTL04E,,809-1,5,771,CTL04E,895,20,
934,CTL04E,CTL04E,,809-1,5,772,CTL04E,895,21,
934,CTL04E,CTL04E,,809-1,5,773,CTL04E,895,22,
934,CTL04E,CTL04E,,809-1,5,774,CTL04E,895,23,
934,CTL04E,CTL04E,,809-1,5,775,CTL04E,895,24,
934,CTL04E,CTL04E,,809-1,5,776,CTL04E,895,25,
934,CTL04E,CTL04E,,809-1,5,777,CTL04E,895,26,
934,CTL04E,CTL04E,,809-1,5,778,CTL04E,895,27,
934,CTL04E,CTL04E,,809-1,5,779,CTL04E,895,28,
934,CTL04E,CTL04E,,809-1,5,780,CTL04E,895,29,
934,CTL04E,CTL04E,,809-1,5,781,CTL04E,895,30,
934,CTL04E,CTL04E,,809-1,5,782,CTL04E,895,31,
934,CTL04E,CTL04E,,809-1,5,783,CTL04E,895,32,
934,CTL04E,CTL04E,,809-1,5,784,CTL04E,895,33,
934,CTL04E,CTL04E,,809-1,5,785,CTL04E,895,34,
934,CTL04E,CTL04E,,809-1,5,786,CTL04E,895,35,
934,CTL04E,CTL04E,,809-1,5,787,CTL04E,895,36,
934,CTL04E,CTL04E,,809-1,5,788,CTL04E,895,37,
934,CTL04E,CTL04E,,809-1,5,789,CTL04E,895,38,
934,CTL04E,CTL04E,,809-1,5,790,CTL04E,895,39,
934,CTL04E,CTL04E,,809-1,5,791,CTL04E,895,40,
934,CTL04E,CTL04E,,809-1,5,792,CTL04E,895,41,
934,CTL04E,CTL04E,,809-1,5,793,CTL04E,895,42,
934,CTL04E,CTL04E,,809-1,5,794,CTL04E,895,43,
934,CTL04E,CTL04E,,809-1,5,795,CTL04E,895,44,
934,CTL04E,CTL04E,,809-1,5,796,CTL04E,895,45,
934,CTL04E,CTL04E,,809-1,5,797,CTL04E,895,46,
934,CTL04E,CTL04E,,809-1,5,798,CTL04E,895,47,
934,CTL04E,CTL04E,,809-1,5,799,CTL04E,895,48,
934,CTL04E,CTL04E,,809-1,5,800,CTL04E,895,49,
934,CTL04E,CTL04E,,809-1,5,801,CTL04E,895,50,
934,CTL04E,CTL04E,,809-1,5,802,CTL04E,895,51,
934,CTL04E,CTL04E,,809-1,5,803,CTL04E,895,52,
934,CTL04E,CTL04E,,809-1,5,804,CTL04E,895,53,
934,CTL04E,CTL04E,,809-1,5,805,CTL04E,895,55,
934,CTL04E,CTL04E,,809-1,5,806,CTL04E,895,56,
934,CTL04E,CTL04E,,809-1,5,807,CTL04E,895,57,
934,CTL04E,CTL04E,,809-1,5,808,CTL04E,895,58,
934,CTL04E,CTL04E,,809-1,5,809,CTL04E,895,59,
934,CTL04E,CTL04E,,809-1,5,810,CTL04E,895,60,
934,CTL04E,CTL04E,,809-1,5,811,CTL04E,895,61,
934,CTL04E,CTL04E,,809-1,5,812,CTL04E,895,62,
934,CTL04E,CTL04E,,809-1,5,813,CTL04E,895,63,
934,CTL04E,CTL04E,,809-1,5,814,CTL04E,895,64,
934,CTL04E,CTL04E,,809-1,5,815,CTL04E,895,65,
934,CTL04E,CTL04E,,809-1,5,816,CTL04E,895,66,
934,CTL04E,CTL04E,,809-1,5,817,CTL04E,895,67,
934,CTL04E,CTL04E,,809-1,5,818,CTL04E,895,68,
934,CTL04E,CTL04E,,809-1,5,819,CTL04E,895,54,
934,CTL04E,CTL04E,,809-1,5,820,CTL04E,896,11,0023-03-03
934,CTL04E,CTL04E,,809-1,5,821,CTL04E,896,12,0023-03-03
934,CTL04E,CTL04E,,809-1,5,822,CTL04E,896,13,0023-03-03
934,CTL04E,CTL04E,,809-1,5,823,CTL04E,896,14,0023-03-03
934,CTL04E,CTL04E,,809-1,5,824,CTL04E,896,15,0023-03-03
934,CTL04E,CTL04E,,809-1,5,825,CTL04E PB,867,21,0022-04-26
934,CTL04E,CTL04E,,809-1,5,826,CTL04E PB,867,22,0022-04-26
934,CTL04E,CTL04E,,809-1,5,827,CTL04E PB,867,23,0022-04-26
934,CTL04E,CTL04E,,809-1,5,828,CTL04E PB,867,24,0022-04-26
934,CTL04E,CTL04E,,809-1,5,829,CTL04E PB,866,31,0019-12-13
934,CTL04E,CTL04E,,809-1,5,830,CTL04E PB,866,32,0019-12-13
934,CTL04E,CTL04E,,809-1,5,831,CTL04G,892,15,0017-09-22
934,CTL04E,CTL04E,,809-1,5,832,CTL04G,892,16,0017-09-22
935,CTL04E PB,CTL04E,PB,809-1,5,833,CTL05A,865,2,0021-05-10
935,CTL04E PB,CTL04E,PB,809-1,5,834,CTL05A,893,50,0022-07-28
935,CTL04E PB,CTL04E,PB,809-1,5,835,CTL05A,893,51,0022-07-28
935,CTL04E PB,CTL04E,PB,809-1,5,836,CTL05A,893,52,0022-07-28
935,CTL04E PB,CTL04E,PB,809-1,5,837,CTL05A,893,53,0022-07-28
935,CTL04E PB,CTL04E,PB,809-1,5,838,CTL05A,860,2,0022-01-24
936,CTL04G,CTL04G,,809-1,7,839,CTL05A,860,3,0022-01-24
936,CTL04G,CTL04G,,809-1,7,840,CTL05A,860,4,0022-01-24
937,CTL05A,CTL05A,,380-2,A,841,CTL05A,860,5,0022-01-24
937,CTL05A,CTL05A,,380-2,A,842,CTL05A,860,6,0022-01-24
937,CTL05A,CTL05A,,380-2,A,843,CTL05A,860,7,0022-01-24
937,CTL05A,CTL05A,,380-2,A,844,CTL05A,864,80,0021-11-06
937,CTL05A,CTL05A,,380-2,A,845,CTL05A,865,3,0021-11-06
937,CTL05A,CTL05A,,380-2,A,846,CTL05A,865,4,0021-11-06
937,CTL05A,CTL05A,,380-2,A,847,CTL05A,865,5,0021-11-06
937,CTL05A,CTL05A,,380-2,A,848,CTL05A PB,892,3,0018-05-12
937,CTL05A,CTL05A,,380-2,A,849,CTL05A PB,892,4,0018-05-12
937,CTL05A,CTL05A,,380-2,A,850,CTL06F,864,30,0021-02-11
937,CTL05A,CTL05A,,380-2,A,851,CTL06F,864,31,0021-02-11
937,CTL05A,CTL05A,,380-2,A,852,CTL06F,864,32,0021-02-11
937,CTL05A,CTL05A,,380-2,A,853,CTL06F,864,33,0021-02-11
937,CTL05A,CTL05A,,380-2,A,854,CTL06F,864,34,0021-02-11
937,CTL05A,CTL05A,,380-2,A,855,CTL06F,864,35,0021-02-11
938,CTL05A PB,CTL05A,PB,380-2,A,856,CTL06F,893,32,0022-07-29
938,CTL05A PB,CTL05A,PB,380-2,A,857,CTL06F,893,33,0022-07-29
939,CTL06F,CTL06F,,425-1,F,858,CTL06F,893,34,0022-07-29
939,CTL06F,CTL06F,,425-1,F,859,CTL06F,893,35,0022-07-29
939,CTL06F,CTL06F,,425-1,F,860,CTL06F,864,69,0021-02-06
939,CTL06F,CTL06F,,425-1,F,861,CTL06F,864,70,0021-02-06
939,CTL06F,CTL06F,,425-1,F,862,CTL06F,864,71,0021-02-06
939,CTL06F,CTL06F,,425-1,F,863,CTL06F,864,72,0021-02-06
939,CTL06F,CTL06F,,425-1,F,864,CTL06F PB,866,33,0017-06-09
939,CTL06F,CTL06F,,425-1,F,865,CTL06F PB,866,34,0017-06-09
939,CTL06F,CTL06F,,425-1,F,866,CTL07C,893,47,0022-03-08
939,CTL06F,CTL06F,,425-1,F,867,CTL07C,893,48,0022-03-08
939,CTL06F,CTL06F,,425-1,F,868,CTL07C,893,49,0022-03-08
939,CTL06F,CTL06F,,425-1,F,869,CTL07C,860,38,0022-02-16
939,CTL06F,CTL06F,,425-1,F,870,CTL07C,860,39,0022-02-16
939,CTL06F,CTL06F,,425-1,F,871,CTL07C,860,40,0022-02-16
940,CTL06F PB,CTL06F,PB,425-1,F,872,CTL07C,860,41,0022-02-16
940,CTL06F PB,CTL06F,PB,425-1,F,873,CTL07C,860,42,0022-02-16
941,CTL07C,CTL07C,,580-1,C,874,CTL07C,860,43,0022-02-16
941,CTL07C,CTL07C,,580-1,C,875,CTL07C,864,73,0021-03-06
941,CTL07C,CTL07C,,580-1,C,876,CTL07C,864,74,0021-03-06
941,CTL07C,CTL07C,,580-1,C,877,CTL07C,864,75,0021-03-06
941,CTL07C,CTL07C,,580-1,C,878,CTL07C PB,866,35,0017-06-15
941,CTL07C,CTL07C,,580-1,C,879,CTL07C PB,866,36,0017-06-15
941,CTL07C,CTL07C,,580-1,C,880,CTL08A,841,10,0022-08-08
941,CTL07C,CTL07C,,580-1,C,881,CTL08A,893,21,0022-08-08
941,CTL07C,CTL07C,,580-1,C,882,CTL08A,896,1,0023-02-18
941,CTL07C,CTL07C,,580-1,C,883,CTL08A,896,2,0023-02-18
941,CTL07C,CTL07C,,580-1,C,884,CTL08A,896,3,0023-02-18
941,CTL07C,CTL07C,,580-1,C,885,CTL08A,896,4,0023-02-18
942,CTL07C PB,CTL07C,PB,580-1,C,886,CTL08A,896,5,0023-02-18
942,CTL07C PB,CTL07C,PB,580-1,C,887,CTL08A,896,6,0023-02-18
944,CTL08A,CTL08A,,KOLF,2C11,888,CTL08A,896,7,0023-02-18
944,CTL08A,CTL08A,,KOLF,2C11,889,CTL08A,896,8,0023-02-18
944,CTL08A,CTL08A,,KOLF,2C11,890,CTL08A,896,9,0023-02-18
944,CTL08A,CTL08A,,KOLF,2C11,891,CTL08A,896,10,0023-02-18
944,CTL08A,CTL08A,,KOLF,2C11,892,CTL08A,897,1,0020-11-09
944,CTL08A,CTL08A,,KOLF,2C11,893,CTL08A,897,2,0020-11-09
944,CTL08A,CTL08A,,KOLF,2C11,894,CTL08A,897,3,0020-11-09
944,CTL08A,CTL08A,,KOLF,2C11,895,CTL08A,897,4,0020-11-09
944,CTL08A,CTL08A,,KOLF,2C11,896,CTL08A,897,5,0020-11-09
944,CTL08A,CTL08A,,KOLF,2C11,897,CTL08A,897,6,0020-11-09
944,CTL08A,CTL08A,,KOLF,2C11,898,CTL08A,897,7,0020-11-09
944,CTL08A,CTL08A,,KOLF,2C11,899,CTL08A,897,8,0020-11-09
944,CTL08A,CTL08A,,KOLF,2C11,900,CTL08A,897,9,0020-11-09
944,CTL08A,CTL08A,,KOLF,2C11,901,CTL08A,897,10,0020-11-09
944,CTL08A,CTL08A,,KOLF,2C11,902,CTL08A,897,11,0020-11-09
944,CTL08A,CTL08A,,KOLF,2C11,903,CTL08A,897,12,0020-11-09
944,CTL08A,CTL08A,,KOLF,2C11,904,CTL08A,897,13,0020-11-09
944,CTL08A,CTL08A,,KOLF,2C11,905,CTL08A,897,14,0020-11-09
944,CTL08A,CTL08A,,KOLF,2C11,906,CTL08A,897,15,0020-11-09
944,CTL08A,CTL08A,,KOLF,2C11,907,CTL08A,897,16,0020-11-09
944,CTL08A,CTL08A,,KOLF,2C11,908,CTL08A,897,17,0020-11-09
944,CTL08A,CTL08A,,KOLF,2C11,909,CTL08A,897,18,0020-11-09
944,CTL08A,CTL08A,,KOLF,2C11,910,CTL08A,897,19,0020-11-09
944,CTL08A,CTL08A,,KOLF,2C11,911,CTL08A,897,20,0020-11-09
944,CTL08A,CTL08A,,KOLF,2C11,912,CTL08A,897,21,0020-11-09
944,CTL08A,CTL08A,,KOLF,2C11,913,CTL08A,897,22,0020-11-09
944,CTL08A,CTL08A,,KOLF,2C11,914,CTL08A,897,23,0020-11-09
944,CTL08A,CTL08A,,KOLF,2C11,915,CTL08A,897,24,0020-11-09
944,CTL08A,CTL08A,,KOLF,2C11,916,CTL08A,897,25,0020-11-09
944,CTL08A,CTL08A,,KOLF,2C11,917,CTL08A,897,26,0020-11-09
944,CTL08A,CTL08A,,KOLF,2C11,918,CTL08A,897,27,0020-11-09
944,CTL08A,CTL08A,,KOLF,2C11,919,CTL08A,897,28,0020-11-09
944,CTL08A,CTL08A,,KOLF,2C11,920,CTL08A,897,29,0020-11-09
944,CTL08A,CTL08A,,KOLF,2C11,921,CTL08A,897,30,0020-11-09
944,CTL08A,CTL08A,,KOLF,2C11,922,CTL08A,897,31,0020-11-09
944,CTL08A,CTL08A,,KOLF,2C11,923,CTL08A,897,32,0020-11-09
944,CTL08A,CTL08A,,KOLF,2C11,924,CTL08A,897,33,0020-11-09
944,CTL08A,CTL08A,,KOLF,2C11,925,CTL08A,897,34,0020-11-09
944,CTL08A,CTL08A,,KOLF,2C11,926,CTL08A,897,57,0020-11-09
944,CTL08A,CTL08A,,KOLF,2C11,927,CTL08A,897,58,0020-11-09
944,CTL08A,CTL08A,,KOLF,2C11,928,CTL08A,897,69,0020-11-09
944,CTL08A,CTL08A,,KOLF,2C11,929,CTL08A,898,1,0020-02-07
944,CTL08A,CTL08A,,KOLF,2C11,930,CTL08A,898,2,0020-02-07
944,CTL08A,CTL08A,,KOLF,2C11,931,CTL08A,898,3,0020-02-07
944,CTL08A,CTL08A,,KOLF,2C11,932,CTL08A,898,4,0020-02-07
944,CTL08A,CTL08A,,KOLF,2C11,933,CTL08A,898,5,0020-02-07
944,CTL08A,CTL08A,,KOLF,2C11,934,CTL08A,898,6,0020-02-07
944,CTL08A,CTL08A,,KOLF,2C11,935,CTL08A,898,7,0020-02-07
944,CTL08A,CTL08A,,KOLF,2C11,936,CTL08A,898,8,0020-02-07
944,CTL08A,CTL08A,,KOLF,2C11,937,CTL08A,898,9,0020-02-07
944,CTL08A,CTL08A,,KOLF,2C11,938,CTL08A,898,10,0020-02-07
944,CTL08A,CTL08A,,KOLF,2C11,939,CTL08A,898,11,0020-02-07
944,CTL08A,CTL08A,,KOLF,2C11,940,CTL08A,898,12,0020-02-07
944,CTL08A,CTL08A,,KOLF,2C11,941,CTL08A,898,13,0020-02-07
944,CTL08A,CTL08A,,KOLF,2C11,942,CTL08A,898,14,0020-02-07
944,CTL08A,CTL08A,,KOLF,2C11,943,CTL08A,898,15,0020-02-07
944,CTL08A,CTL08A,,KOLF,2C11,944,CTL08A,898,16,0020-02-07
944,CTL08A,CTL08A,,KOLF,2C11,945,CTL08A,898,17,0020-02-07
944,CTL08A,CTL08A,,KOLF,2C11,946,CTL08A,898,18,0020-02-07
944,CTL08A,CTL08A,,KOLF,2C11,947,CTL08A,898,19,0020-02-07
944,CTL08A,CTL08A,,KOLF,2C11,948,CTL08A,898,20,0020-02-07
944,CTL08A,CTL08A,,KOLF,2C11,949,CTL08A,898,21,0020-02-07
944,CTL08A,CTL08A,,KOLF,2C11,950,CTL08A,898,22,0020-02-07
944,CTL08A,CTL08A,,KOLF,2C11,951,CTL08A,898,23,0020-02-07
944,CTL08A,CTL08A,,KOLF,2C11,952,CTL08A,898,24,0020-02-07
944,CTL08A,CTL08A,,KOLF,2C11,953,CTL08A,898,25,0020-02-07
944,CTL08A,CTL08A,,KOLF,2C11,954,CTL08A,898,26,0020-02-07
944,CTL08A,CTL08A,,KOLF,2C11,955,CTL08A,898,27,0020-02-07
944,CTL08A,CTL08A,,KOLF,2C11,956,CTL08A,898,28,0020-02-07
944,CTL08A,CTL08A,,KOLF,2C11,957,CTL08A,898,29,0020-02-07
944,CTL08A,CTL08A,,KOLF,2C11,958,CTL08A,898,30,0020-02-07
944,CTL08A,CTL08A,,KOLF,2C11,959,CTL08A,898,31,0020-02-07
944,CTL08A,CTL08A,,KOLF,2C11,960,CTL08A,898,32,0020-02-07
944,CTL08A,CTL08A,,KOLF,2C11,961,CTL08A,898,33,0020-02-07
944,CTL08A,CTL08A,,KOLF,2C11,962,CTL08A,898,34,0020-02-07
944,CTL08A,CTL08A,,KOLF,2C11,963,CTL08A,898,35,0020-02-07
944,CTL08A,CTL08A,,KOLF,2C11,964,CTL08A,898,36,0020-02-07
944,CTL08A,CTL08A,,KOLF,2C11,965,CTL08A,898,37,0020-02-07
944,CTL08A,CTL08A,,KOLF,2C11,966,CTL08A,898,38,0020-02-07
944,CTL08A,CTL08A,,KOLF,2C11,967,CTL08A,898,39,0020-02-07
944,CTL08A,CTL08A,,KOLF,2C11,968,CTL08A,898,40,0020-02-07
944,CTL08A,CTL08A,,KOLF,2C11,969,CTL08A,898,41,0020-02-07
944,CTL08A,CTL08A,,KOLF,2C11,970,CTL08A,898,42,0020-02-07
944,CTL08A,CTL08A,,KOLF,2C11,971,CTL08A,898,43,0020-02-07
944,CTL08A,CTL08A,,KOLF,2C11,972,CTL08A,898,44,0020-02-07
944,CTL08A,CTL08A,,KOLF,2C11,973,CTL08A,898,45,0020-02-07
944,CTL08A,CTL08A,,KOLF,2C11,974,CTL08A,898,46,0020-02-07
944,CTL08A,CTL08A,,KOLF,2C11,975,CTL08A,898,47,0020-02-07
944,CTL08A,CTL08A,,KOLF,2C11,976,CTL08A,898,48,0020-02-07
944,CTL08A,CTL08A,,KOLF,2C11,977,CTL08A,898,49,0020-02-07
944,CTL08A,CTL08A,,KOLF,2C11,978,CTL08A,898,50,0020-02-07
944,CTL08A,CTL08A,,KOLF,2C11,979,CTL08A,898,51,0020-02-07
944,CTL08A,CTL08A,,KOLF,2C11,980,CTL08A,898,52,0020-02-07
944,CTL08A,CTL08A,,KOLF,2C11,981,CTL08A,898,53,0020-02-07
944,CTL08A,CTL08A,,KOLF,2C11,982,CTL08A,898,54,0020-02-07
944,CTL08A,CTL08A,,KOLF,2C11,983,CTL08A,898,55,0020-02-07
944,CTL08A,CTL08A,,KOLF,2C11,984,CTL08A,898,56,0020-02-07
944,CTL08A,CTL08A,,KOLF,2C11,985,CTL08A,898,57,0020-02-07
944,CTL08A,CTL08A,,KOLF,2C11,986,CTL08A,898,58,0020-02-07
944,CTL08A,CTL08A,,KOLF,2C11,987,CTL08A,898,59,0020-02-07
944,CTL08A,CTL08A,,KOLF,2C11,988,CTL08A,898,60,0020-02-07
944,CTL08A,CTL08A,,KOLF,2C11,989,CTL08A,898,61,0020-02-07
944,CTL08A,CTL08A,,KOLF,2C11,990,CTL08A,898,62,0020-02-07
944,CTL08A,CTL08A,,KOLF,2C11,991,CTL08A,898,63,0020-02-07
944,CTL08A,CTL08A,,KOLF,2C11,992,CTL08A,898,64,0020-02-07
944,CTL08A,CTL08A,,KOLF,2C11,993,CTL08A,898,65,0020-02-07
944,CTL08A,CTL08A,,KOLF,2C11,994,CTL08A,898,66,0020-02-07
944,CTL08A,CTL08A,,KOLF,2C11,995,CTL08A,898,67,0020-02-07
944,CTL08A,CTL08A,,KOLF,2C11,996,CTL08A,898,68,0020-02-07
944,CTL08A,CTL08A,,KOLF,2C11,997,CTL08A,898,69,0020-02-07
944,CTL08A,CTL08A,,KOLF,2C11,998,CTL08A,898,70,0020-02-07
944,CTL08A,CTL08A,,KOLF,2C11,999,CTL08A,898,75,0020-02-07
944,CTL08A,CTL08A,,KOLF,2C11,1000,CTL08A,899,1,0023-08-31
944,CTL08A,CTL08A,,KOLF,2C11,1001,CTL08A,899,2,0023-08-31
944,CTL08A,CTL08A,,KOLF,2C11,1002,CTL08A,899,3,0023-08-31
944,CTL08A,CTL08A,,KOLF,2C11,1003,CTL08A,899,4,0023-08-31
944,CTL08A,CTL08A,,KOLF,2C11,1004,CTL08A,899,5,0023-08-31
944,CTL08A,CTL08A,,KOLF,2C11,1005,CTL08A,899,6,0023-08-31
944,CTL08A,CTL08A,,KOLF,2C11,1006,CTL08A,899,7,0023-08-31
944,CTL08A,CTL08A,,KOLF,2C11,1007,CTL08A,899,8,0023-08-31
944,CTL08A,CTL08A,,KOLF,2C11,1008,CTL08A,899,9,0023-08-31
944,CTL08A,CTL08A,,KOLF,2C11,1009,CTL08A,899,10,0023-08-31
944,CTL08A,CTL08A,,KOLF,2C11,1010,CTL08A,899,11,0023-08-31
944,CTL08A,CTL08A,,KOLF,2C11,1011,CTL08A,899,12,0023-08-31
944,CTL08A,CTL08A,,KOLF,2C11,1012,CTL08A,899,13,0023-01-09
944,CTL08A,CTL08A,,KOLF,2C11,1013,CTL08A,899,14,0023-01-09
944,CTL08A,CTL08A,,KOLF,2C11,1014,CTL08A,899,15,0023-01-09
944,CTL08A,CTL08A,,KOLF,2C11,1015,CTL08A,899,16,0023-01-09
944,CTL08A,CTL08A,,KOLF,2C11,1016,CTL08A,899,17,0023-01-09
944,CTL08A,CTL08A,,KOLF,2C11,1017,CTL08A,899,18,0023-01-09
944,CTL08A,CTL08A,,KOLF,2C11,1018,CTL08A,899,19,0023-01-09
944,CTL08A,CTL08A,,KOLF,2C11,1019,CTL08A,899,20,0023-01-09
944,CTL08A,CTL08A,,KOLF,2C11,1020,CTL08A,899,21,0023-01-09
944,CTL08A,CTL08A,,KOLF,2C11,1021,CTL08A,899,22,0023-01-09
944,CTL08A,CTL08A,,KOLF,2C11,1022,CTL08A,899,23,0023-01-09
944,CTL08A,CTL08A,,KOLF,2C11,1023,CTL08A,899,24,0023-01-09
944,CTL08A,CTL08A,,KOLF,2C11,1024,CTL08A,899,25,0023-01-09
944,CTL08A,CTL08A,,KOLF,2C11,1025,CTL08A,899,26,0023-01-09
944,CTL08A,CTL08A,,KOLF,2C11,1026,CTL08A,899,27,0023-01-09
944,CTL08A,CTL08A,,KOLF,2C11,1027,CTL08A,899,28,0023-01-09
944,CTL08A,CTL08A,,KOLF,2C11,1028,CTL08A,899,29,0023-01-09
944,CTL08A,CTL08A,,KOLF,2C11,1029,CTL08A,899,30,0023-01-09
944,CTL08A,CTL08A,,KOLF,2C11,1030,CTL08A,899,31,0023-01-09
944,CTL08A,CTL08A,,KOLF,2C11,1031,CTL08A,899,32,0023-01-09
944,CTL08A,CTL08A,,KOLF,2C11,1032,CTL08A,899,33,0023-01-09
944,CTL08A,CTL08A,,KOLF,2C11,1033,CTL08A,899,34,0023-01-09
944,CTL08A,CTL08A,,KOLF,2C11,1034,CTL08A,899,35,0023-01-09
944,CTL08A,CTL08A,,KOLF,2C11,1035,CTL08A CRISPRa Clone#18,857,36,0022-11-17
944,CTL08A,CTL08A,,KOLF,2C11,1036,CTL08A CRISPRa Clone#18,857,37,0022-11-17
944,CTL08A,CTL08A,,KOLF,2C11,1037,CTL08A CRISPRa Clone#18,857,38,0022-11-17
944,CTL08A,CTL08A,,KOLF,2C11,1038,CTL08A CRISPRa Clone#18,857,39,0022-11-17
944,CTL08A,CTL08A,,KOLF,2C11,1039,CTL08A CRISPRa Clone#18,857,40,0022-11-17
944,CTL08A,CTL08A,,KOLF,2C11,1040,CTL08A CRISPRa Clone#18,857,41,0022-11-17
944,CTL08A,CTL08A,,KOLF,2C11,1041,CTL08A CRISPRa Clone#18,857,42,0022-11-17
944,CTL08A,CTL08A,,KOLF,2C11,1042,CTL08A CRISPRa Clone#18,857,43,0022-11-17
944,CTL08A,CTL08A,,KOLF,2C11,1043,CTL08A CRISPRa Clone#18,857,44,0022-11-17
944,CTL08A,CTL08A,,KOLF,2C11,1044,CTL08A CRISPRa Clone#18,857,45,0022-11-17
944,CTL08A,CTL08A,,KOLF,2C11,1045,CTL08A PB,860,45,0022-02-18
944,CTL08A,CTL08A,,KOLF,2C11,1046,CTL08A PB,860,46,0022-02-18
944,CTL08A,CTL08A,,KOLF,2C11,1047,CTL08A PB,860,47,0022-02-18
944,CTL08A,CTL08A,,KOLF,2C11,1048,CTL08A PB,860,48,0022-02-18
944,CTL08A,CTL08A,,KOLF,2C11,1049,CTL08A PB,860,49,0022-02-18
944,CTL08A,CTL08A,,KOLF,2C11,1050,CTL08A PB,860,50,0022-02-18
944,CTL08A,CTL08A,,KOLF,2C11,1051,CTL08A PB,860,51,0022-02-18
944,CTL08A,CTL08A,,KOLF,2C11,1052,CTL08A PB,860,52,0022-02-18
944,CTL08A,CTL08A,,KOLF,2C11,1053,CTL08AFLAGClone16,864,5,0021-10-28
944,CTL08A,CTL08A,,KOLF,2C11,1054,CTL08AFLAGClone16,864,6,0021-10-28
944,CTL08A,CTL08A,,KOLF,2C11,1055,CTL08AFLAGClone16,864,7,0021-10-28
944,CTL08A,CTL08A,,KOLF,2C11,1056,CTL08AFLAGClone16,864,8,0021-10-28
944,CTL08A,CTL08A,,KOLF,2C11,1057,CTL08AFLAGClone16,864,9,0021-10-28
944,CTL08A,CTL08A,,KOLF,2C11,1058,CTL08AFLAGClone16,864,10,0021-10-28
944,CTL08A,CTL08A,,KOLF,2C11,1059,CTL08AFLAGClone16,864,11,0021-10-28
944,CTL08A,CTL08A,,KOLF,2C11,1060,CTL08AFLAGClone16,864,12,0021-10-28
944,CTL08A,CTL08A,,KOLF,2C11,1061,CTL08AFLAGClone16,864,76,0021-03-06
944,CTL08A,CTL08A,,KOLF,2C11,1062,CTL08AFLAGClone16,864,77,0021-03-06
944,CTL08A,CTL08A,,KOLF,2C11,1063,CTL08AFLAGClone16,864,78,0021-03-06
944,CTL08A,CTL08A,,KOLF,2C11,1064,CTL08AFLAGClone16,864,79,0021-03-06
944,CTL08A,CTL08A,,KOLF,2C11,1065,CTL09A,864,25,0021-10-31
944,CTL08A,CTL08A,,KOLF,2C11,1066,CTL09A,864,26,0021-10-31
944,CTL08A,CTL08A,,KOLF,2C11,1067,CTL09A,864,27,0021-10-31
944,CTL08A,CTL08A,,KOLF,2C11,1068,CTL09A,864,28,0021-10-31
944,CTL08A,CTL08A,,KOLF,2C11,1069,CTL09A,864,1,0021-10-26
944,CTL08A,CTL08A,,KOLF,2C11,1070,CTL09A PB,866,37,0019-12-17
944,CTL08A,CTL08A,,KOLF,2C11,1071,CTL09A PB,866,38,0019-12-17
944,CTL08A,CTL08A,,KOLF,2C11,1072,CTL10C,860,53,0022-02-24
954,CTL08A CRISPRa Clone#18,CTL08A,,KOLF,2C11,1073,CTL10C,860,54,0022-02-24
954,CTL08A CRISPRa Clone#18,CTL08A,,KOLF,2C11,1074,CTL10C,860,55,0022-02-24
954,CTL08A CRISPRa Clone#18,CTL08A,,KOLF,2C11,1075,CTL10C,860,56,0022-02-24
954,CTL08A CRISPRa Clone#18,CTL08A,,KOLF,2C11,1076,CTL10C,860,57,0022-02-24
954,CTL08A CRISPRa Clone#18,CTL08A,,KOLF,2C11,1077,CTL10C,860,58,0022-02-24
954,CTL08A CRISPRa Clone#18,CTL08A,,KOLF,2C11,1078,CTL10C,860,59,0022-02-24
954,CTL08A CRISPRa Clone#18,CTL08A,,KOLF,2C11,1079,CTL10C,860,60,0022-02-24
954,CTL08A CRISPRa Clone#18,CTL08A,,KOLF,2C11,1080,CTL10C PB,866,29,0019-10-17
954,CTL08A CRISPRa Clone#18,CTL08A,,KOLF,2C11,1081,CTL10C PB,866,30,0019-10-17
954,CTL08A CRISPRa Clone#18,CTL08A,,KOLF,2C11,1082,DUP01G,866,1,0022-04-03
955,CTL08A PB,CTL08A,PB,KOLF,2C1,1083,DUP01G,866,2,0022-04-03
955,CTL08A PB,CTL08A,PB,KOLF,2C1,1084,DUP01G,866,3,0022-04-03
955,CTL08A PB,CTL08A,PB,KOLF,2C1,1085,DUP01G,866,4,0022-04-03
955,CTL08A PB,CTL08A,PB,KOLF,2C1,1086,DUP01G,866,5,0022-04-03
955,CTL08A PB,CTL08A,PB,KOLF,2C1,1087,DUP01G,866,6,0022-04-03
955,CTL08A PB,CTL08A,PB,KOLF,2C1,1088,DUP01G,866,7,0022-04-03
955,CTL08A PB,CTL08A,PB,KOLF,2C1,1089,DUP01G,866,8,0022-04-03
955,CTL08A PB,CTL08A,PB,KOLF,2C1,1090,DUP01G,865,29,0021-05-21
967,CTL08AFLAGClone16,CTL08A,,KOLF,2C1,1091,DUP01G,865,30,0021-05-21
967,CTL08AFLAGClone16,CTL08A,,KOLF,2C1,1092,DUP01G,865,31,0021-05-14
967,CTL08AFLAGClone16,CTL08A,,KOLF,2C1,1093,DUP01G,865,32,0021-05-14
967,CTL08AFLAGClone16,CTL08A,,KOLF,2C1,1094,DUP01G PB,860,69,0022-02-28
967,CTL08AFLAGClone16,CTL08A,,KOLF,2C1,1095,DUP01G PB,860,70,0022-02-28
967,CTL08AFLAGClone16,CTL08A,,KOLF,2C1,1096,DUP01G PB,860,71,0022-02-28
967,CTL08AFLAGClone16,CTL08A,,KOLF,2C1,1097,DUP01G PB,860,72,0022-02-28
967,CTL08AFLAGClone16,CTL08A,,KOLF,2C1,1098,DUP01G PB,860,73,0022-02-28
967,CTL08AFLAGClone16,CTL08A,,KOLF,2C1,1099,DUP01G PB,860,74,0022-02-28
967,CTL08AFLAGClone16,CTL08A,,KOLF,2C1,1100,DUP01G PB,860,75,0022-02-28
967,CTL08AFLAGClone16,CTL08A,,KOLF,2C1,1101,DUP01G PB,860,76,0022-02-28
967,CTL08AFLAGClone16,CTL08A,,KOLF,2C1,1102,DUP02J,892,9,0017-11-09
968,CTL09A,CTL09A,,A1546,1,1103,DUP02J,892,10,0017-11-09
968,CTL09A,CTL09A,,A1546,1,1104,DUP02J PB,892,72,0017-07-30
968,CTL09A,CTL09A,,A1546,1,1105,DUP02J PB,892,73,0017-07-30
968,CTL09A,CTL09A,,A1546,1,1106,DUP02K,892,28,0019-12-11
968,CTL09A,CTL09A,,A1546,1,1107,DUP02K,892,29,0019-11-27
968,CTL09A,CTL09A,,A1546,1,1108,DUP02K,865,20,0021-05-13
968,CTL09A,CTL09A,,A1546,1,1109,DUP02K,865,21,0021-05-13
968,CTL09A,CTL09A,,A1546,1,1110,DUP02K,865,22,0021-05-13
968,CTL09A,CTL09A,,A1546,1,1111,DUP02K,865,18,0021-09-05
968,CTL09A,CTL09A,,A1546,1,1112,DUP02K,865,19,0021-07-05
968,CTL09A,CTL09A,,A1546,1,1113,DUP02K,893,68,0022-05-08
968,CTL09A,CTL09A,,A1546,1,1114,DUP02K,893,69,0022-05-08
968,CTL09A,CTL09A,,A1546,1,1115,DUP02K,893,70,0022-05-08
968,CTL09A,CTL09A,,A1546,1,1116,DUP02K,893,71,0022-05-08
968,CTL09A,CTL09A,,A1546,1,1117,DUP02K,865,17,0021-04-30
968,CTL09A,CTL09A,,A1546,1,1118,DUP02K,867,2,0022-04-13
969,CTL09A PB,CTL09A,PB,A1546,1,1119,DUP02K,867,3,0022-04-13
969,CTL09A PB,CTL09A,PB,A1546,1,1120,DUP02K,867,4,0022-04-13
970,CTL10C,CTL10C,,AB,C,1121,DUP02K PB,892,56,0021-01-29
970,CTL10C,CTL10C,,AB,C,1122,DUP02K PB,892,57,0021-01-29
970,CTL10C,CTL10C,,AB,C,1123,DUP02KWBSClone15,892,18,0019-12-05
970,CTL10C,CTL10C,,AB,C,1124,DUP02KWBSClone15,892,19,0019-12-05
970,CTL10C,CTL10C,,AB,C,1125,DUP02KWBSClone15 PB,892,74,0019-10-18
970,CTL10C,CTL10C,,AB,C,1126,DUP02KWBSClone15 PB,892,75,0019-10-18
970,CTL10C,CTL10C,,AB,C,1127,DUP02KWTClone7B,892,17,0018-10-29
970,CTL10C,CTL10C,,AB,C,1128,DUP02KWTClone7B PB,866,46,0019-10-03
971,CTL10C PB,CTL10C,PB,AB,C,1129,DUP02KWTClone7B PB,866,47,0019-10-03
971,CTL10C PB,CTL10C,PB,AB,C,1130,DUP02KWTClone7B PB,892,35,0021-12-23
972,DUP01G,DUP01G,,Cf,G,1131,DUP03B,857,12,0022-08-26
972,DUP01G,DUP01G,,Cf,G,1132,DUP03B,857,13,0022-08-26
972,DUP01G,DUP01G,,Cf,G,1133,DUP03B,857,14,0022-08-26
972,DUP01G,DUP01G,,Cf,G,1134,DUP03B,857,15,0022-08-26
972,DUP01G,DUP01G,,Cf,G,1135,DUP03B,865,27,0021-05-14
972,DUP01G,DUP01G,,Cf,G,1136,DUP03B,865,28,0021-05-14
972,DUP01G,DUP01G,,Cf,G,1137,DUP03B,865,25,0021-05-09
972,DUP01G,DUP01G,,Cf,G,1138,DUP03B PB,892,58,0020-10-15
972,DUP01G,DUP01G,,Cf,G,1139,DUP03B PB,892,59,0020-10-15
972,DUP01G,DUP01G,,Cf,G,1140,DUP04A,866,9,0022-04-03
972,DUP01G,DUP01G,,Cf,G,1141,DUP04A,866,10,0022-04-03
972,DUP01G,DUP01G,,Cf,G,1142,DUP04A,866,11,0022-04-03
973,DUP01G PB,DUP01G,PB,Cf,G,1143,DUP04A,866,12,0022-04-03
973,DUP01G PB,DUP01G,PB,Cf,G,1144,DUP04A,866,13,0022-04-03
973,DUP01G PB,DUP01G,PB,Cf,G,1145,DUP04A,866,14,0022-04-03
973,DUP01G PB,DUP01G,PB,Cf,G,1146,DUP04A,866,15,0022-04-03
973,DUP01G PB,DUP01G,PB,Cf,G,1147,DUP04A,866,16,0022-04-03
973,DUP01G PB,DUP01G,PB,Cf,G,1148,DUP04A PB,860,77,0022-02-03
973,DUP01G PB,DUP01G,PB,Cf,G,1149,DUP04A PB,860,78,0022-02-03
973,DUP01G PB,DUP01G,PB,Cf,G,1150,DUP04A PB,860,79,0022-02-03
974,DUP02J,DUP02J,,242,J,1151,DUP04A PB,860,80,0022-02-03
974,DUP02J,DUP02J,,242,J,1152,DUP06A,866,64,0022-03-22
975,DUP02J PB,DUP02J,PB,242,J,1153,DUP06A,866,65,0022-03-22
975,DUP02J PB,DUP02J,PB,242,J,1154,DUP06A,866,66,0022-03-22
976,DUP02K,DUP02K,,242,K,1155,DUP06A,866,67,0022-03-22
976,DUP02K,DUP02K,,242,K,1156,GAD01H,860,61,0022-02-24
976,DUP02K,DUP02K,,242,K,1157,GAD01H,860,62,0022-02-24
976,DUP02K,DUP02K,,242,K,1158,GAD01H,860,63,0022-02-24
976,DUP02K,DUP02K,,242,K,1159,GAD01H,860,64,0022-02-24
976,DUP02K,DUP02K,,242,K,1160,GAD01H,860,65,0022-02-24
976,DUP02K,DUP02K,,242,K,1161,GAD01H,860,66,0022-02-24
976,DUP02K,DUP02K,,242,K,1162,GAD01H,860,67,0022-02-24
976,DUP02K,DUP02K,,242,K,1163,GAD01H,860,68,0022-02-24
976,DUP02K,DUP02K,,242,K,1164,GAD01H PB,892,60,0020-09-28
976,DUP02K,DUP02K,,242,K,1165,GAD01H PB,892,61,0020-09-28
976,DUP02K,DUP02K,,242,K,1166,GAD02L,892,36,0020-09-10
976,DUP02K,DUP02K,,242,K,1167,GAD02L PB,892,62,0020-09-23
976,DUP02K,DUP02K,,242,K,1168,GAD02L PB,892,63,0020-09-23
976,DUP02K,DUP02K,,242,K,1169,GAD02M,864,53,0021-05-11
977,DUP02K PB,DUP02K,PB,242,K,1170,GAD02M,864,54,0021-05-11
977,DUP02K PB,DUP02K,PB,242,K,1171,GAD02M,864,55,0021-05-11
978,DUP02KWBSClone15,DUP02K,,242,K,1172,GAD02M,864,56,0021-05-11
978,DUP02KWBSClone15,DUP02K,,242,K,1173,GAD02M,864,57,0021-05-11
979,DUP02KWBSClone15 PB,DUP02K,PB,242,K,1174,GAD02M,864,58,0021-05-11
979,DUP02KWBSClone15 PB,DUP02K,PB,242,K,1175,GAD02M,864,59,0021-05-11
980,DUP02KWTClone7B,DUP02K,,242,K,1176,GAD02M,864,60,0021-05-11
981,DUP02KWTClone7B PB,DUP02K,PB,242,K,1177,GAD02M PB,867,25,0022-04-26
981,DUP02KWTClone7B PB,DUP02K,PB,242,K,1178,GAD02M PB,867,26,0022-04-26
981,DUP02KWTClone7B PB,DUP02K,PB,242,K,1179,GAD02M PB,867,27,0022-04-26
982,DUP03B,DUP03B,,809,9,1180,GAD02M PB,867,28,0022-04-26
982,DUP03B,DUP03B,,809,9,1181,GAD02M PB,892,64,0020-09-24
982,DUP03B,DUP03B,,809,9,1182,GAD02M PB,892,65,0020-09-24
982,DUP03B,DUP03B,,809,9,1183,GAD03J,864,37,0021-02-11
982,DUP03B,DUP03B,,809,9,1184,GAD03J,864,38,0021-02-11
982,DUP03B,DUP03B,,809,9,1185,GAD03J,864,39,0021-02-11
982,DUP03B,DUP03B,,809,9,1186,GAD03J,864,40,0021-02-11
983,DUP03B PB,DUP03B,PB,809,9,1187,GAD03J,864,41,0021-02-11
983,DUP03B PB,DUP03B,PB,809,9,1188,GAD03J,864,42,0021-02-11
984,DUP04A,DUP04A,,103,A,1189,GAD03J,864,43,0021-02-11
984,DUP04A,DUP04A,,103,A,1190,GAD03J,864,44,0021-02-11
984,DUP04A,DUP04A,,103,A,1191,GAD03J PB,860,33,0022-02-15
984,DUP04A,DUP04A,,103,A,1192,GAD03J PB,860,34,0022-02-15
984,DUP04A,DUP04A,,103,A,1193,GAD03J PB,860,35,0022-02-15
984,DUP04A,DUP04A,,103,A,1194,GAD03J PB,860,36,0022-02-15
984,DUP04A,DUP04A,,103,A,1195,GM25256*I,576,,
984,DUP04A,DUP04A,,103,A,1196,H1,893,64,0022-08-08
985,DUP04A PB,DUP04A,PB,103,A,1197,H1,893,65,0022-08-08
985,DUP04A PB,DUP04A,PB,103,A,1198,H1,893,66,0022-08-08
985,DUP04A PB,DUP04A,PB,103,A,1199,H1,893,67,0022-08-08
985,DUP04A PB,DUP04A,PB,103,A,1200,HEK 293T,896,16,0023-02-20
986,DUP06A,DUP06A,,104,A,1201,HEK 293T,896,17,0023-02-20
986,DUP06A,DUP06A,,104,A,1202,HEK 293T,896,18,0023-02-20
986,DUP06A,DUP06A,,104,A,1203,HEK 293T,896,19,0023-02-20
986,DUP06A,DUP06A,,104,A,1204,HEK 293T,896,20,0023-02-20
987,GAD01H,GAD01H,,120,H3,1205,HEK 293T,896,21,0023-02-20
987,GAD01H,GAD01H,,120,H3,1206,HEK 293T,896,22,0023-02-20
987,GAD01H,GAD01H,,120,H3,1207,HEK 293T,896,23,0023-02-20
987,GAD01H,GAD01H,,120,H3,1208,HEK 293T,896,24,0023-02-20
987,GAD01H,GAD01H,,120,H3,1209,IPS19-00023,897,71,0020-01-01
987,GAD01H,GAD01H,,120,H3,1210,IPS19-00023,897,72,0020-01-01
987,GAD01H,GAD01H,,120,H3,1211,KAB01A,893,23,0022-08-08
987,GAD01H,GAD01H,,120,H3,1212,KAB01A,893,24,0022-08-08
988,GAD01H PB,GAD01H,PB,120,H3,1213,KAB01A,893,25,0022-08-08
988,GAD01H PB,GAD01H,PB,120,H3,1214,KAB01A,893,26,0022-08-08
989,GAD02L,GAD02L,,14,L,1215,KAB01A,867,57,0022-07-26
990,GAD02L PB,GAD02L,PB,14,L,1216,KAB01A,867,58,0022-07-26
990,GAD02L PB,GAD02L,PB,14,L,1217,KAB01A,867,59,0022-07-26
991,GAD02M,GAD02M,,14,M,1218,KAB01A,867,60,0022-07-26
991,GAD02M,GAD02M,,14,M,1219,KAB01A,892,32,0021-09-16
991,GAD02M,GAD02M,,14,M,1220,KAB01A PB,892,49,0018-06-07
991,GAD02M,GAD02M,,14,M,1221,KAB03C,857,1,0022-10-08
991,GAD02M,GAD02M,,14,M,1222,KAB03C,857,2,0022-10-08
991,GAD02M,GAD02M,,14,M,1223,KAB03C,857,3,0022-10-08
991,GAD02M,GAD02M,,14,M,1224,KAB03C,857,4,0022-10-08
991,GAD02M,GAD02M,,14,M,1225,KAB03C,867,61,0022-07-26
992,GAD02M PB,GAD02M,PB,14,M,1226,KAB03C,867,62,0022-07-26
992,GAD02M PB,GAD02M,PB,14,M,1227,KAB03C,867,63,0022-07-26
992,GAD02M PB,GAD02M,PB,14,M,1228,KAB03C,867,64,0022-07-26
992,GAD02M PB,GAD02M,PB,14,M,1229,KAB03C,892,21,0017-10-18
992,GAD02M PB,GAD02M,PB,14,M,1230,KAB03C PB,866,39,0017-06-01
992,GAD02M PB,GAD02M,PB,14,M,1231,KAB04A,893,11,0022-08-08
993,GAD03J,GAD03J,,N.A.,N.A.,1232,KAB04A,893,12,0022-08-08
993,GAD03J,GAD03J,,N.A.,N.A.,1233,KAB04A,893,13,0022-08-08
993,GAD03J,GAD03J,,N.A.,N.A.,1234,KAB04A,893,55,0022-01-08
993,GAD03J,GAD03J,,N.A.,N.A.,1235,KAB04A,893,56,0022-01-08
993,GAD03J,GAD03J,,N.A.,N.A.,1236,KAB04A,893,57,0022-01-08
993,GAD03J,GAD03J,,N.A.,N.A.,1237,KAB04A,893,58,0022-01-08
993,GAD03J,GAD03J,,N.A.,N.A.,1238,KAB04A,892,34,0021-09-16
993,GAD03J,GAD03J,,N.A.,N.A.,1239,KAB04A PB,866,40,0017-07-27
994,GAD03J PB,GAD03J,PB,N.A.,N.A.,1240,KAB04A PB,866,41,0017-07-28
994,GAD03J PB,GAD03J,PB,N.A.,N.A.,1241,KAB05D,893,38,0022-03-08
994,GAD03J PB,GAD03J,PB,N.A.,N.A.,1242,KAB05D,893,39,0022-03-08
994,GAD03J PB,GAD03J,PB,N.A.,N.A.,1243,KAB05D,893,40,0022-03-08
995,GM25256*I,GM25256*I,,,,1244,KAB05D,892,55,0017-04-19
996,H1,H1,,H1,,1245,KAB05D,867,49,0022-07-25
996,H1,H1,,H1,,1246,KAB05D,867,50,0022-07-25
996,H1,H1,,H1,,1247,KAB05D,867,51,0022-07-25
996,H1,H1,,H1,,1248,KAB05D,867,52,0022-07-25
996,H1,H1,,H1,,1249,KAB05D PB,866,42,0017-06-04
996,H1,H1,,H1,,1250,KAB05D PB,866,43,0017-06-04
996,H1,H1,,H1,,1251,KAB07D ,867,69,0022-07-27
996,H1,H1,,H1,,1252,KAB07D ,867,70,0022-07-27
996,H1,H1,,H1,,1253,KAB07D ,867,71,0022-07-27
996,H1,H1,,H1,,1254,KAB07D ,867,72,0022-07-27
996,H1,H1,,H1,,1255,KAB07D ,864,46,0021-05-11
996,H1,H1,,H1,,1256,KAB07D ,864,47,0021-05-11
996,H1,H1,,H1,,1257,KAB07D ,864,48,0021-05-11
996,H1,H1,,H1,,1258,KAB07D ,864,49,0021-05-11
997,HEK 293T,HEK 293T,,,,1259,KAB07D ,864,50,0021-05-11
997,HEK 293T,HEK 293T,,,,1260,KAB07D ,864,51,0021-05-11
997,HEK 293T,HEK 293T,,,,1261,KAB07D ,864,52,0021-05-11
997,HEK 293T,HEK 293T,,,,1262,KAB07D PB,866,44,0017-08-05
997,HEK 293T,HEK 293T,,,,1263,KAB07D PB,866,45,0017-08-05
997,HEK 293T,HEK 293T,,,,1264,NDDS-0001-1-C11,900,1,0023-07-06
997,HEK 293T,HEK 293T,,,,1265,NDDS-0001-1-C11,900,2,0023-07-06
997,HEK 293T,HEK 293T,,,,1266,NDDS-0001-1-C11,900,3,0023-07-06
997,HEK 293T,HEK 293T,,,,1267,NDDS-0001-1-C11,900,4,0023-07-06
997,HEK 293T,HEK 293T,,,,1268,NDDS-0001-1-C11,900,5,0023-07-06
997,HEK 293T,HEK 293T,,,,1269,NDDS-0001-1-C11,900,6,0023-07-06
997,HEK 293T,HEK 293T,,,,1270,NDDS-0001-1-C11,900,7,0023-07-06
997,HEK 293T,HEK 293T,,,,1271,NDDS-0001-1-C11,900,8,0023-07-06
997,HEK 293T,HEK 293T,,,,1272,NDDS-0001-1-C11,900,9,0023-07-06
998,IPS19-00023,IPS19-00023,,,,1273,NDDS-0001-1-C21,900,11,0023-05-06
998,IPS19-00023,IPS19-00023,,,,1274,NDDS-0001-1-C21,900,12,0023-05-06
999,KAB01A,KAB01A,,380,B,1275,NDDS-0001-1-C21,900,13,0023-05-06
999,KAB01A,KAB01A,,380,B,1276,NDDS-0001-1-C21,900,14,0023-05-06
999,KAB01A,KAB01A,,380,B,1277,NDDS-0001-1-C21,900,15,0023-05-06
999,KAB01A,KAB01A,,380,B,1278,NDDS-0001-1-C21,900,16,0023-05-06
999,KAB01A,KAB01A,,380,B,1279,NDDS-0001-1-C21,900,17,0023-05-06
999,KAB01A,KAB01A,,380,B,1280,NDDS-0001-1-C21,900,18,0023-05-06
999,KAB01A,KAB01A,,380,B,1281,NDDS-0001-1-C21,900,19,0023-05-06
999,KAB01A,KAB01A,,380,B,1282,NDDS-0001-1-C21,900,20,0023-05-06
999,KAB01A,KAB01A,,380,B,1283,NDDS-0001-1-C5,900,41,0023-06-15
1000,KAB01A PB,KAB01A,PB,380,B,1284,NDDS-0001-1-C5,900,42,0023-06-15
1001,KAB03C,KAB03C,,424,C,1285,NDDS-0001-1-C5,900,43,0023-06-15
1001,KAB03C,KAB03C,,424,C,1286,NDDS-0001-1-C5,900,44,0023-06-15
1001,KAB03C,KAB03C,,424,C,1287,NDDS-0001-1-C5,900,45,0023-06-15
1001,KAB03C,KAB03C,,424,C,1288,NDDS-0001-1-C5,900,46,0023-06-15
1001,KAB03C,KAB03C,,424,C,1289,NDDS-0001-1-C5,900,47,0023-06-15
1001,KAB03C,KAB03C,,424,C,1290,NDDS-0001-1-C5,900,48,0023-06-15
1001,KAB03C,KAB03C,,424,C,1291,NDDS-0001-1-C5,900,49,0023-06-15
1001,KAB03C,KAB03C,,424,C,1292,NDDS-0001-1-C5,900,50,0023-06-15
1001,KAB03C,KAB03C,,424,C,1293,NDDS-0001-M-C1,900,21,0023-12-06
1002,KAB03C PB,KAB03C,PB,424,C,1294,NDDS-0001-M-C1,900,22,0023-12-06
1003,KAB04A,KAB04A,,425,,1295,NDDS-0001-M-C1,900,23,0023-12-06
1003,KAB04A,KAB04A,,425,,1296,NDDS-0001-M-C1,900,24,0023-12-06
1003,KAB04A,KAB04A,,425,,1297,NDDS-0001-M-C1,900,25,0023-12-06
1003,KAB04A,KAB04A,,425,,1298,NDDS-0001-M-C1,900,26,0023-12-06
1003,KAB04A,KAB04A,,425,,1299,NDDS-0001-M-C1,900,27,0023-12-06
1003,KAB04A,KAB04A,,425,,1300,NDDS-0001-M-C1,900,28,0023-12-06
1003,KAB04A,KAB04A,,425,,1301,NDDS-0001-M-C1,900,29,0023-12-06
1003,KAB04A,KAB04A,,425,,1302,NDDS-0001-M-C11,900,31,0023-06-20
1004,KAB04A PB,KAB04A,PB,425,,1303,NDDS-0001-M-C11,900,32,0023-06-20
1004,KAB04A PB,KAB04A,PB,425,,1304,NDDS-0001-M-C11,900,33,0023-06-20
1005,KAB05D,KAB05D,,580,D,1305,NDDS-0001-M-C11,900,34,0023-06-20
1005,KAB05D,KAB05D,,580,D,1306,NDDS-0001-M-C11,900,35,0023-06-20
1005,KAB05D,KAB05D,,580,D,1307,NDDS-0001-M-C11,900,36,0023-06-20
1005,KAB05D,KAB05D,,580,D,1308,NDDS-0001-M-C11,900,37,0023-06-20
1005,KAB05D,KAB05D,,580,D,1309,NDDS-0001-M-C11,900,38,0023-06-20
1005,KAB05D,KAB05D,,580,D,1310,NDDS-0001-M-C11,900,39,0023-06-20
1005,KAB05D,KAB05D,,580,D,1311,NDDS-0001-M-C11,900,40,0023-06-20
1005,KAB05D,KAB05D,,580,D,1312,NDDS-0002-1-C17,900,61,0023-07-24
1006,KAB05D PB,KAB05D,PB,580,D,1313,NDDS-0002-1-C17,900,62,0023-07-24
1006,KAB05D PB,KAB05D,PB,580,D,1314,NDDS-0002-1-C17,900,63,0023-07-24
1007,KAB07D ,KAB07D,,530,SE,1315,NDDS-0002-1-C17,900,64,0023-07-24
1007,KAB07D ,KAB07D,,530,SE,1316,NDDS-0002-1-C17,900,65,0023-07-24
1007,KAB07D ,KAB07D,,530,SE,1317,NDDS-0002-1-C17,900,66,0023-07-24
1007,KAB07D ,KAB07D,,530,SE,1318,NDDS-0002-1-C17,900,67,0023-07-24
1007,KAB07D ,KAB07D,,530,SE,1319,NDDS-0002-1-C17,900,68,0023-07-24
1007,KAB07D ,KAB07D,,530,SE,1320,NDDS-0002-1-C17,900,69,0023-07-24
1007,KAB07D ,KAB07D,,530,SE,1321,NDDS-0002-1-C17,900,70,0023-07-24
1007,KAB07D ,KAB07D,,530,SE,1322,NDDS-0002-M-C3,900,51,0023-07-21
1007,KAB07D ,KAB07D,,530,SE,1323,NDDS-0002-M-C3,900,52,0023-07-21
1007,KAB07D ,KAB07D,,530,SE,1324,NDDS-0002-M-C3,900,53,0023-07-21
1007,KAB07D ,KAB07D,,530,SE,1325,NDDS-0002-M-C3,900,54,0023-07-21
1008,KAB07D PB,KAB07D,PB,530,SE,1326,NDDS-0002-M-C3,900,55,0023-07-21
1008,KAB07D PB,KAB07D,PB,530,SE,1327,NDDS-0002-M-C3,900,56,0023-07-21
1009,KTD8.2,CTL08A,,,,1328,NDDS-0002-M-C3,900,57,0023-07-21
1009,KTD8.2,CTL08A,,,,1329,NDDS-0002-M-C3,900,58,0023-07-21
1009,KTD8.2,CTL08A,,,,1330,NDDS-0002-M-C3,900,59,0023-07-21
1009,KTD8.2,CTL08A,,,,1331,NDDS-0002-M-C3,900,60,0023-07-21
1009,KTD8.2,CTL08A,,,,1332,WBS01A,857,10,0022-08-17
1009,KTD8.2,CTL08A,,,,1333,WBS01A,857,11,0022-08-17
1009,KTD8.2,CTL08A,,,,1334,WBS01A,866,73,0022-03-28
1009,KTD8.2,CTL08A,,,,1335,WBS01A,866,74,0022-03-28
1009,KTD8.2,CTL08A,,,,1336,WBS01A,866,75,0022-03-28
1009,KTD8.2,CTL08A,,,,1337,WBS01A,864,66,0021-05-31
1009,KTD8.2,CTL08A,,,,1338,WBS01A,864,67,0021-05-31
1009,KTD8.2,CTL08A,,,,1339,WBS01A,864,68,0021-05-31
1010,NDDS-0001-1-C11,NDDS-0001-1,,,Clone 11,1340,WBS01C,867,5,0022-04-13
1010,NDDS-0001-1-C11,NDDS-0001-1,,,Clone 11,1341,WBS01C,867,6,0022-04-13
1010,NDDS-0001-1-C11,NDDS-0001-1,,,Clone 11,1342,WBS01C,867,7,0022-04-13
1010,NDDS-0001-1-C11,NDDS-0001-1,,,Clone 11,1343,WBS01C,867,8,0022-04-13
1010,NDDS-0001-1-C11,NDDS-0001-1,,,Clone 11,1344,WBS01C,892,11,0017-09-08
1010,NDDS-0001-1-C11,NDDS-0001-1,,,Clone 11,1345,WBS01C,892,12,0017-09-08
1010,NDDS-0001-1-C11,NDDS-0001-1,,,Clone 11,1346,WBS01C PB,892,50,0019-03-18
1010,NDDS-0001-1-C11,NDDS-0001-1,,,Clone 11,1347,WBS01C PB,892,51,0019-03-18
1010,NDDS-0001-1-C11,NDDS-0001-1,,,Clone 11,1348,WBS02C,893,29,0022-02-08
1010,NDDS-0001-1-C11,NDDS-0001-1,,,Clone 11,1349,WBS02C,893,30,0022-02-08
1010,NDDS-0001-1-C11,NDDS-0001-1,,,Clone 11,1350,WBS02C,893,31,0022-02-08
1010,NDDS-0001-1-C11,NDDS-0001-1,,,Clone 11,1351,WBS02C,867,53,0022-07-25
1010,NDDS-0001-1-C11,NDDS-0001-1,,,Clone 11,1352,WBS02C,867,54,0022-07-25
1010,NDDS-0001-1-C11,NDDS-0001-1,,,Clone 11,1353,WBS02C,867,55,0022-07-25
1010,NDDS-0001-1-C11,NDDS-0001-1,,,Clone 11,1354,WBS02C,867,56,0022-07-25
1010,NDDS-0001-1-C11,NDDS-0001-1,,,Clone 11,1355,WBS02C,892,38,0021-12-01
1010,NDDS-0001-1-C11,NDDS-0001-1,,,Clone 11,1356,WBS02C,865,38,0021-05-13
1010,NDDS-0001-1-C11,NDDS-0001-1,,,Clone 11,1357,WBS02C,865,39,0021-05-13
1010,NDDS-0001-1-C11,NDDS-0001-1,,,Clone 11,1358,WBS02C,865,40,0021-05-13
1010,NDDS-0001-1-C11,NDDS-0001-1,,,Clone 11,1359,WBS02C PB,892,5,0020-03-09
1010,NDDS-0001-1-C11,NDDS-0001-1,,,Clone 11,1360,WBS02C PB,892,6,0020-03-09
1010,NDDS-0001-1-C11,NDDS-0001-1,,,Clone 11,1361,WBS03A,892,13,0017-08-29
1010,NDDS-0001-1-C11,NDDS-0001-1,,,Clone 11,1362,WBS03A,892,14,0017-08-29
1010,NDDS-0001-1-C11,NDDS-0001-1,,,Clone 11,1363,WBS03C,893,77,0022-10-08
1010,NDDS-0001-1-C11,NDDS-0001-1,,,Clone 11,1364,WBS03C,893,78,0022-10-08
1010,NDDS-0001-1-C11,NDDS-0001-1,,,Clone 11,1365,WBS03C,893,79,0022-10-08
1010,NDDS-0001-1-C11,NDDS-0001-1,,,Clone 11,1366,WBS03C,893,80,0022-10-08
1010,NDDS-0001-1-C11,NDDS-0001-1,,,Clone 11,1367,WBS03C,867,65,0022-07-26
1010,NDDS-0001-1-C11,NDDS-0001-1,,,Clone 11,1368,WBS03C,867,66,0022-07-26
1010,NDDS-0001-1-C11,NDDS-0001-1,,,Clone 11,1369,WBS03C,867,67,0022-07-26
1010,NDDS-0001-1-C11,NDDS-0001-1,,,Clone 11,1370,WBS03C,867,68,0022-07-26
1010,NDDS-0001-1-C11,NDDS-0001-1,,,Clone 11,1371,WBS03C,865,33,0021-05-17
1010,NDDS-0001-1-C11,NDDS-0001-1,,,Clone 11,1372,WBS03C,865,34,0021-05-17
1010,NDDS-0001-1-C11,NDDS-0001-1,,,Clone 11,1373,WBS03C,865,35,0021-05-17
1010,NDDS-0001-1-C11,NDDS-0001-1,,,Clone 11,1374,WBS03C,865,36,0021-05-17
1010,NDDS-0001-1-C11,NDDS-0001-1,,,Clone 11,1375,WBS03C,866,61,0022-03-22
1010,NDDS-0001-1-C11,NDDS-0001-1,,,Clone 11,1376,WBS03C,866,62,0022-03-22
1010,NDDS-0001-1-C11,NDDS-0001-1,,,Clone 11,1377,WBS03C,866,63,0022-03-22
1010,NDDS-0001-1-C11,NDDS-0001-1,,,Clone 11,1378,WBS03C,892,27,0021-06-14
1010,NDDS-0001-1-C11,NDDS-0001-1,,,Clone 11,1379,WBS03C,892,39,0021-11-26
1010,NDDS-0001-1-C11,NDDS-0001-1,,,Clone 11,1380,WBS03C PB,892,52,0019-05-13
1010,NDDS-0001-1-C11,NDDS-0001-1,,,Clone 11,1381,WBS03C PB,892,53,0019-05-13
1010,NDDS-0001-1-C11,NDDS-0001-1,,,Clone 11,1382,WBS04B,893,73,0022-09-08
1010,NDDS-0001-1-C11,NDDS-0001-1,,,Clone 11,1383,WBS04B,893,74,0022-09-08
1010,NDDS-0001-1-C11,NDDS-0001-1,,,Clone 11,1384,WBS04B,893,75,0022-09-08
1011,NDDS-0001-1-C21,NDDS-0001-1,,,Clone 21,1385,WBS04B,893,76,0022-09-08
1011,NDDS-0001-1-C21,NDDS-0001-1,,,Clone 21,1386,WBS04B,867,73,0022-07-25
1011,NDDS-0001-1-C21,NDDS-0001-1,,,Clone 21,1387,WBS04B,867,74,0022-07-25
1011,NDDS-0001-1-C21,NDDS-0001-1,,,Clone 21,1388,WBS04B,866,69,0022-03-24
1011,NDDS-0001-1-C21,NDDS-0001-1,,,Clone 21,1389,WBS04B,866,70,0022-03-24
1011,NDDS-0001-1-C21,NDDS-0001-1,,,Clone 21,1390,WBS04B,866,71,0022-03-24
1011,NDDS-0001-1-C21,NDDS-0001-1,,,Clone 21,1391,WBS04B,892,25,0018-02-08
1011,NDDS-0001-1-C21,NDDS-0001-1,,,Clone 21,1392,WBS04B,892,26,0018-02-08
1011,NDDS-0001-1-C21,NDDS-0001-1,,,Clone 21,1393,WBS04B PB,892,76,0019-10-18
1011,NDDS-0001-1-C21,NDDS-0001-1,,,Clone 21,1394,WBS04B PB,892,77,0019-10-18
1012,NDDS-0001-1-C5,NDDS-0001-1,,,Clone 5,1395,WBS07C,867,17,0022-04-14
1012,NDDS-0001-1-C5,NDDS-0001-1,,,Clone 5,1396,WBS07C,867,18,0022-04-14
1012,NDDS-0001-1-C5,NDDS-0001-1,,,Clone 5,1397,WBS07C,867,19,0022-04-14
1012,NDDS-0001-1-C5,NDDS-0001-1,,,Clone 5,1398,WBS07C,867,20,0022-04-14
1012,NDDS-0001-1-C5,NDDS-0001-1,,,Clone 5,1399,WBS07C,892,23,0019-09-19
1012,NDDS-0001-1-C5,NDDS-0001-1,,,Clone 5,1400,WVS01H,866,56,0022-03-22
1012,NDDS-0001-1-C5,NDDS-0001-1,,,Clone 5,1401,WVS01H,866,57,0022-03-22
1012,NDDS-0001-1-C5,NDDS-0001-1,,,Clone 5,1402,WVS01H,892,40,0017-04-01
1012,NDDS-0001-1-C5,NDDS-0001-1,,,Clone 5,1403,WVS01H,892,41,0017-03-15
1012,NDDS-0001-1-C5,NDDS-0001-1,,,Clone 5,1404,WVS01H PB,866,48,
1013,NDDS-0001-2-C3,NDDS-0001-2,,,Clone 3,1405,WVS01H PB,866,49,
1013,NDDS-0001-2-C3,NDDS-0001-2,,,Clone 3,1406,WVS02A,866,78,0022-03-28
1013,NDDS-0001-2-C3,NDDS-0001-2,,,Clone 3,1407,WVS02A,866,79,0022-03-28
1013,NDDS-0001-2-C3,NDDS-0001-2,,,Clone 3,1408,WVS02A,892,42,0017-03-24
1013,NDDS-0001-2-C3,NDDS-0001-2,,,Clone 3,1409,WVS02A PB,866,50,
1013,NDDS-0001-2-C3,NDDS-0001-2,,,Clone 3,1410,WVS02A PB,866,51,
1013,NDDS-0001-2-C3,NDDS-0001-2,,,Clone 3,1411,WVS03B,866,17,0022-08-03
1013,NDDS-0001-2-C3,NDDS-0001-2,,,Clone 3,1412,WVS03B,866,18,0022-08-03
1013,NDDS-0001-2-C3,NDDS-0001-2,,,Clone 3,1413,WVS03B PB,866,52,
1013,NDDS-0001-2-C3,NDDS-0001-2,,,Clone 3,1414,WVS03B PB,866,53,
1014,NDDS-0001-M-C1,NDDS-0001-M,,,Clone 1,1415,WVS04A,867,9,0022-04-14
1014,NDDS-0001-M-C1,NDDS-0001-M,,,Clone 1,1416,WVS04A,867,10,0022-04-14
1014,NDDS-0001-M-C1,NDDS-0001-M,,,Clone 1,1417,WVS04A,867,11,0022-04-14
1014,NDDS-0001-M-C1,NDDS-0001-M,,,Clone 1,1418,WVS04A,867,12,0022-04-14
1014,NDDS-0001-M-C1,NDDS-0001-M,,,Clone 1,1419,WVS04A,867,13,0022-04-14
1014,NDDS-0001-M-C1,NDDS-0001-M,,,Clone 1,1420,WVS04A PB,866,54,
1014,NDDS-0001-M-C1,NDDS-0001-M,,,Clone 1,1421,WVS04A PB,866,55,
1014,NDDS-0001-M-C1,NDDS-0001-M,,,Clone 1,1422,CHD2 HT,842,34,0022-09-23
1014,NDDS-0001-M-C1,NDDS-0001-M,,,Clone 1,1423,CHD2 HT,842,35,0022-09-23
1015,NDDS-0001-M-C11,NDDS-0001-M,,,Clone 11,1424,CHD2 HT,842,36,0022-09-23
1015,NDDS-0001-M-C11,NDDS-0001-M,,,Clone 11,1425,CHD2 HT,842,37,0022-09-23
1015,NDDS-0001-M-C11,NDDS-0001-M,,,Clone 11,1426,CHD8 WT,842,38,0023-03-11
1015,NDDS-0001-M-C11,NDDS-0001-M,,,Clone 11,1427,CHD8 WT,842,39,0023-03-11
1015,NDDS-0001-M-C11,NDDS-0001-M,,,Clone 11,1428,CHD8 WT,842,40,0023-03-11
1015,NDDS-0001-M-C11,NDDS-0001-M,,,Clone 11,1429,CHD8 WT,842,41,0023-03-11
1015,NDDS-0001-M-C11,NDDS-0001-M,,,Clone 11,1430,CHD8 WT,842,42,0023-03-11
1015,NDDS-0001-M-C11,NDDS-0001-M,,,Clone 11,1431,CHD2 WT,842,43,0023-08-11
1015,NDDS-0001-M-C11,NDDS-0001-M,,,Clone 11,1432,CHD2 WT,842,44,0023-08-11
1015,NDDS-0001-M-C11,NDDS-0001-M,,,Clone 11,1433,CHD2 WT,842,45,0023-08-11
1016,NDDS-0001-P-C2,NDDS-0001-P,,,Clone 2,1434,CHD2 WT,842,46,0023-08-11
1016,NDDS-0001-P-C2,NDDS-0001-P,,,Clone 2,1435,H1,842,47,0023-08-11
1016,NDDS-0001-P-C2,NDDS-0001-P,,,Clone 2,1436,H1,842,48,0023-08-11
1016,NDDS-0001-P-C2,NDDS-0001-P,,,Clone 2,1437,H1,842,49,0023-08-11
1016,NDDS-0001-P-C2,NDDS-0001-P,,,Clone 2,1438,H1,842,50,0023-08-11
1016,NDDS-0001-P-C2,NDDS-0001-P,,,Clone 2,1439,H1,842,51,0023-08-11
1016,NDDS-0001-P-C2,NDDS-0001-P,,,Clone 2,1440,H1,842,52,0023-08-11
1016,NDDS-0001-P-C2,NDDS-0001-P,,,Clone 2,1441,WTC-11,856,41,0023-11-22
1016,NDDS-0001-P-C2,NDDS-0001-P,,,Clone 2,1442,CHD2 KO,844,42,0023-06-03
1016,NDDS-0001-P-C2,NDDS-0001-P,,,Clone 2,1443,WTC-11,856,42,0023-11-22
1016,NDDS-0001-P-C2,NDDS-0001-P,,,Clone 2,1444,CHD2 KO,844,43,0023-06-03
1016,NDDS-0001-P-C2,NDDS-0001-P,,,Clone 2,1445,WTC-11,856,43,0023-11-22
1016,NDDS-0001-P-C2,NDDS-0001-P,,,Clone 2,1446,CHD2 WTC,844,44,0023-06-03
1016,NDDS-0001-P-C2,NDDS-0001-P,,,Clone 2,1447,WTC-11,856,44,0023-11-22
1017,NDDS-0001-P-C4,NDDS-0001-P,,,Clone 4,1448,CHD2 WTC,844,45,0023-06-03
1017,NDDS-0001-P-C4,NDDS-0001-P,,,Clone 4,1449,WTC-11,856,45,0023-11-22
1017,NDDS-0001-P-C4,NDDS-0001-P,,,Clone 4,1450,CHD2 WTC,844,46,0023-06-03
1017,NDDS-0001-P-C4,NDDS-0001-P,,,Clone 4,1451,WTC-11,856,46,0023-11-22
1017,NDDS-0001-P-C4,NDDS-0001-P,,,Clone 4,1452,CHD2 WTC,844,47,0023-06-03
1017,NDDS-0001-P-C4,NDDS-0001-P,,,Clone 4,1453,WTC-11,856,47,0023-11-22
1017,NDDS-0001-P-C4,NDDS-0001-P,,,Clone 4,1454,CHD2 WTC,844,48,0023-06-03
1017,NDDS-0001-P-C4,NDDS-0001-P,,,Clone 4,1455,WTC-11,856,48,0023-11-22
1017,NDDS-0001-P-C4,NDDS-0001-P,,,Clone 4,1456,CHD2 HT,844,49,0023-06-03
1017,NDDS-0001-P-C4,NDDS-0001-P,,,Clone 4,1457,WTC-11,856,49,0023-11-22
1018,NDDS-0002-1-C17,NDDS-0002-1,,,Clone 17,1458,CHD2 HT,844,50,0023-06-03
1018,NDDS-0002-1-C17,NDDS-0002-1,,,Clone 17,1459,WTC-11,856,50,0023-11-22
1018,NDDS-0002-1-C17,NDDS-0002-1,,,Clone 17,1460,CHD2 HT,844,51,0023-06-03
1018,NDDS-0002-1-C17,NDDS-0002-1,,,Clone 17,1461,WTC-11,856,51,0023-11-22
1018,NDDS-0002-1-C17,NDDS-0002-1,,,Clone 17,1462,CHD2 HT,844,52,0023-06-03
1018,NDDS-0002-1-C17,NDDS-0002-1,,,Clone 17,1463,WTC-11,856,52,0023-11-30
1018,NDDS-0002-1-C17,NDDS-0002-1,,,Clone 17,1464,CHD2 HT,844,53,0023-06-03
1018,NDDS-0002-1-C17,NDDS-0002-1,,,Clone 17,1465,WTC-11,856,53,0023-11-30
1018,NDDS-0002-1-C17,NDDS-0002-1,,,Clone 17,1466,CTL02A,844,54,0023-07-03
1018,NDDS-0002-1-C17,NDDS-0002-1,,,Clone 17,1467,WTC-11,856,54,0023-11-30
1019,NDDS-0002-M-C3,NDDS-0002-M,,,Clone 3,1468,CTL02A,844,55,0023-07-03
1019,NDDS-0002-M-C3,NDDS-0002-M,,,Clone 3,1469,WTC-11,856,55,0023-11-30
1019,NDDS-0002-M-C3,NDDS-0002-M,,,Clone 3,1470,CTL02A,844,56,0023-07-03
1019,NDDS-0002-M-C3,NDDS-0002-M,,,Clone 3,1471,WTC-11,856,56,0023-11-30
1019,NDDS-0002-M-C3,NDDS-0002-M,,,Clone 3,1472,CTL02A,844,57,0023-07-03
1019,NDDS-0002-M-C3,NDDS-0002-M,,,Clone 3,1473,WTC-11,856,57,0023-11-30
1019,NDDS-0002-M-C3,NDDS-0002-M,,,Clone 3,1474,CTL02A,844,58,0023-07-03
1019,NDDS-0002-M-C3,NDDS-0002-M,,,Clone 3,1475,WTC-11,856,58,0023-11-30
1019,NDDS-0002-M-C3,NDDS-0002-M,,,Clone 3,1476,CTL02A,844,59,0023-07-03
1019,NDDS-0002-M-C3,NDDS-0002-M,,,Clone 3,1477,WTC-11,856,59,0023-11-30
1020,NDDS-0002-P-C12,NDDS-0002-P,,,Clone 12,1478,CTL02A,844,60,0023-07-03
1020,NDDS-0002-P-C12,NDDS-0002-P,,,Clone 12,1479,CTL02A,844,61,0023-07-03
1020,NDDS-0002-P-C12,NDDS-0002-P,,,Clone 12,1480,WTC-11,856,61,0023-12-24
1020,NDDS-0002-P-C12,NDDS-0002-P,,,Clone 12,1481,CTL02A,844,62,0023-07-03
1020,NDDS-0002-P-C12,NDDS-0002-P,,,Clone 12,1482,WTC-11,856,62,0023-12-24
1020,NDDS-0002-P-C12,NDDS-0002-P,,,Clone 12,1483,CTL02A,844,63,0023-07-03
1020,NDDS-0002-P-C12,NDDS-0002-P,,,Clone 12,1484,WTC-11,856,63,0023-12-24
1020,NDDS-0002-P-C12,NDDS-0002-P,,,Clone 12,1485,WTC-11,856,64,0023-12-24
1020,NDDS-0002-P-C12,NDDS-0002-P,,,Clone 12,1486,WTC-11,856,65,0023-12-24
1020,NDDS-0002-P-C12,NDDS-0002-P,,,Clone 12,1487,WTC-11,856,66,0023-12-24
1021,SOX2::GFP,AICS-74-C26,,,AICS-74-C26,1488,WTC-11,856,67,0023-12-24
1022,WBS01A,WBS01A,,339,C2,1489,WTC-11,856,68,0023-12-24
1022,WBS01A,WBS01A,,339,C2,1490,CHASERR,844,69,0023-08-03
1022,WBS01A,WBS01A,,339,C2,1491,WTC-11,856,69,0023-12-24
1022,WBS01A,WBS01A,,339,C2,1492,CHASERR,844,70,0023-08-03
1022,WBS01A,WBS01A,,339,C2,1493,WTC-11,856,70,0023-12-24
1022,WBS01A,WBS01A,,339,C2,1494,CHASERR,844,71,0023-08-03
1022,WBS01A,WBS01A,,339,C2,1495,WTC-11,856,71,0023-12-24
1022,WBS01A,WBS01A,,339,C2,1496,CHASERR,844,72,0023-08-03
1023,WBS01C,WBS01C,,339,C7,1497,NDDS-0002-P-C12,856,72,0023-10-17
1023,WBS01C,WBS01C,,339,C7,1498,CHASERR,844,73,0023-08-03
1023,WBS01C,WBS01C,,339,C7,1499,NDDS-0002-P-C12,856,73,0023-10-17
1023,WBS01C,WBS01C,,339,C7,1500,409B2-Ar,844,74,0023-08-03
1023,WBS01C,WBS01C,,339,C7,1501,NDDS-0002-P-C12,856,74,0023-10-17
1023,WBS01C,WBS01C,,339,C7,1502,409B2-Ar,844,75,0023-08-03
1024,WBS01C PB,WBS01C,PB,339,C7,1503,NDDS-0002-P-C12,856,75,0023-10-17
1024,WBS01C PB,WBS01C,PB,339,C7,1504,409B2-Ar,844,76,0023-08-03
1025,WBS02C,WBS02C,,316,M,1505,NDDS-0002-P-C12,856,76,0023-10-17
1025,WBS02C,WBS02C,,316,M,1506,WVS02A,900,71,0024-01-19
1025,WBS02C,WBS02C,,316,M,1507,WVS02A,900,72,0024-01-19
1025,WBS02C,WBS02C,,316,M,1508,WVS02A,900,73,0024-01-19
1025,WBS02C,WBS02C,,316,M,1509,WVS02A,900,74,0024-01-19
1025,WBS02C,WBS02C,,316,M,1510,WVS02A,900,75,0024-01-19
1025,WBS02C,WBS02C,,316,M,1511,WVS02A,900,76,0024-01-19
1025,WBS02C,WBS02C,,316,M,1512,WVS02A,900,77,0024-01-19
1025,WBS02C,WBS02C,,316,M,1513,WVS02A,900,78,0024-01-19
1025,WBS02C,WBS02C,,316,M,1514,409B2-Ar,844,77,0023-08-03
1025,WBS02C,WBS02C,,316,M,1515,NDDS-0002-P-C12,856,77,0023-10-17
1026,WBS02C PB,WBS02C,PB,316,M,1516,409B2-Ar,844,78,0023-08-03
1026,WBS02C PB,WBS02C,PB,316,M,1517,NDDS-0002-P-C12,856,78,0023-10-17
1027,WBS03A,WBS03A,,361,O,1518,409B2-Ar,844,79,0023-08-03
1027,WBS03A,WBS03A,,361,O,1519,NDDS-0002-P-C12,856,79,0023-10-17
1028,WBS03C,WBS03C,,361,E,1520,409B2-Ar,844,80,0023-08-03
1028,WBS03C,WBS03C,,361,E,1521,NDDS-0002-P-C12,856,80,0023-10-17
1028,WBS03C,WBS03C,,361,E,1522,409B2-Ar,844,81,0023-08-03
1028,WBS03C,WBS03C,,361,E,1523,NDDS-0002-P-C12,856,81,0023-10-17
1028,WBS03C,WBS03C,,361,E,1524,WVS02A,892,7,0024-01-24
1028,WBS03C,WBS03C,,361,E,1525,WVS02A,892,20,0024-01-24
1028,WBS03C,WBS03C,,361,E,1526,WVS02A,892,22,0024-01-24
1028,WBS03C,WBS03C,,361,E,1527,WVS02A,892,30,0024-01-24
1028,WBS03C,WBS03C,,361,E,1528,WVS02A,892,31,0024-01-24
1028,WBS03C,WBS03C,,361,E,1529,WVS02A,892,33,0024-01-24
1028,WBS03C,WBS03C,,361,E,1530,WVS02A,892,37,0024-01-24
1028,WBS03C,WBS03C,,361,E,1531,WVS02A,892,43,0024-01-24
1028,WBS03C,WBS03C,,361,E,1532,WVS02A,892,44,0024-01-24
1028,WBS03C,WBS03C,,361,E,1533,WVS02A,892,54,0024-01-24
1028,WBS03C,WBS03C,,361,E,1534,H1,842,53,0023-08-11
1028,WBS03C,WBS03C,,361,E,1535,H1,842,54,0023-08-11
1028,WBS03C,WBS03C,,361,E,1536,H1,842,55,0023-08-11
1029,WBS03C PB,WBS03C,PB,361,E,1537,H1,842,56,0023-08-11
1029,WBS03C PB,WBS03C,PB,361,E,1538,SOX2::GFP,842,58,0023-09-15
1030,WBS04B,WBS04B,,306,O,1539,CHD8 WT,842,59,0023-10-31
1030,WBS04B,WBS04B,,306,O,1540,CHD8 WT,842,60,0023-10-31
1030,WBS04B,WBS04B,,306,O,1541,CHD8 WT,842,61,0023-10-31
1030,WBS04B,WBS04B,,306,O,1542,CHD8 WT,842,62,0023-10-31
1030,WBS04B,WBS04B,,306,O,1543,CHD8 WT,842,63,0023-10-31
1030,WBS04B,WBS04B,,306,O,1544,CTL09A,893,18,0023-07-08
1030,WBS04B,WBS04B,,306,O,1545,CTL09A,893,27,0023-07-08
1030,WBS04B,WBS04B,,306,O,1546,CTL09A,893,36,0023-07-08
1030,WBS04B,WBS04B,,306,O,1547,CTL09A,893,45,0023-07-08
1030,WBS04B,WBS04B,,306,O,1548,CTL09A,893,54,0023-07-08
1030,WBS04B,WBS04B,,306,O,1549,CTL09A,893,63,0023-07-08
1031,WBS04B PB,WBS04B,PB,306,O,1550,CTL09A,893,72,0023-07-08
1031,WBS04B PB,WBS04B,PB,306,O,1551,CTL09A,893,81,0023-07-08
1032,WBS07C,WBS07C,,M228,C,1552,CTL09A,893,1,0023-07-08
1032,WBS07C,WBS07C,,M228,C,1553,CTL09A,893,10,0023-07-08
1032,WBS07C,WBS07C,,M228,C,1554,CTL09A,893,19,0023-07-08
1032,WBS07C,WBS07C,,M228,C,1555,WVS01H,842,13,0023-08-08
1032,WBS07C,WBS07C,,M228,C,1556,WVS01H,842,14,0023-08-08
1033,WTC-11,WTC-11,,GM25256*I,,1557,WVS01H,842,15,0023-08-08
1033,WTC-11,WTC-11,,GM25256*I,,1558,WVS01H,842,16,0023-08-08
1033,WTC-11,WTC-11,,GM25256*I,,1559,WVS01H,842,17,0023-08-08
1033,WTC-11,WTC-11,,GM25256*I,,1560,WVS01H,842,18,0023-08-08
1033,WTC-11,WTC-11,,GM25256*I,,1561,KTD8.2,842,20,0023-08-08
1033,WTC-11,WTC-11,,GM25256*I,,1562,KTD8.2,842,21,0023-08-08
1033,WTC-11,WTC-11,,GM25256*I,,1563,KTD8.2,842,22,0023-08-08
1033,WTC-11,WTC-11,,GM25256*I,,1564,KTD8.2,842,23,0023-08-08
1033,WTC-11,WTC-11,,GM25256*I,,1565,KTD8.2,842,24,0023-08-08
1033,WTC-11,WTC-11,,GM25256*I,,1566,KTD8.2,842,25,0023-08-08
1033,WTC-11,WTC-11,,GM25256*I,,1567,KTD8.2,842,26,0023-08-08
1033,WTC-11,WTC-11,,GM25256*I,,1568,KTD8.2,842,27,0023-08-08
1033,WTC-11,WTC-11,,GM25256*I,,1569,KTD8.2,842,28,0023-08-08
1033,WTC-11,WTC-11,,GM25256*I,,1570,KTD8.2,842,29,0023-08-08
1033,WTC-11,WTC-11,,GM25256*I,,1571,KTD8.2,842,30,0023-08-08
1033,WTC-11,WTC-11,,GM25256*I,,1572,KTD8.2,842,31,0023-08-08
1033,WTC-11,WTC-11,,GM25256*I,,1573,WVS02A,892,78,0023-08-24
1033,WTC-11,WTC-11,,GM25256*I,,1574,WVS02A,892,79,0023-08-24
1033,WTC-11,WTC-11,,GM25256*I,,1575,WVS02A,892,80,0023-08-24
1033,WTC-11,WTC-11,,GM25256*I,,1576,WVS03B,865,46,0023-08-08
1033,WTC-11,WTC-11,,GM25256*I,,1577,WVS03B,865,47,0023-08-08
1033,WTC-11,WTC-11,,GM25256*I,,1578,WVS03B,865,48,0023-08-08
1033,WTC-11,WTC-11,,GM25256*I,,1579,WVS03B,865,49,0023-08-08
1033,WTC-11,WTC-11,,GM25256*I,,1580,WVS03B,865,50,0023-08-08
1033,WTC-11,WTC-11,,GM25256*I,,1581,WVS04A,867,14,0023-08-30
1033,WTC-11,WTC-11,,GM25256*I,,1582,WVS04A,867,15,0023-08-30
1033,WTC-11,WTC-11,,GM25256*I,,1583,WVS04A,867,76,0023-08-30
1033,WTC-11,WTC-11,,GM25256*I,,1584,WVS04A,867,77,0023-08-30
1033,WTC-11,WTC-11,,GM25256*I,,1585,WVS04A,867,78,0023-08-30
1033,WTC-11,WTC-11,,GM25256*I,,1586,WVS04A,867,79,0023-08-30
1033,WTC-11,WTC-11,,GM25256*I,,1587,WVS04A,867,80,0023-08-30
1033,WTC-11,WTC-11,,GM25256*I,,1588,NDDS-0001-1-C11,937,1,0024-01-02
1033,WTC-11,WTC-11,,GM25256*I,,1589,NDDS-0001-1-C11,937,2,0024-01-02
1033,WTC-11,WTC-11,,GM25256*I,,1590,NDDS-0001-1-C11,937,3,0024-01-02
1033,WTC-11,WTC-11,,GM25256*I,,1591,NDDS-0001-1-C11,937,4,0024-01-02
1033,WTC-11,WTC-11,,GM25256*I,,1592,NDDS-0001-1-C11,937,5,0024-02-02
1033,WTC-11,WTC-11,,GM25256*I,,1593,NDDS-0001-1-C11,937,6,0024-02-02
1033,WTC-11,WTC-11,,GM25256*I,,1594,NDDS-0001-1-C11,937,7,0024-02-02
1033,WTC-11,WTC-11,,GM25256*I,,1595,NDDS-0001-1-C11,937,8,0024-02-02
1033,WTC-11,WTC-11,,GM25256*I,,1596,NDDS-0001-1-C11,937,9,0024-02-02
1034,WVS01H,WVS01H,,CROLE,8,1597,NDDS-0001-1-C11,937,10,0024-02-02
1034,WVS01H,WVS01H,,CROLE,8,1598,NDDS-0001-1-C11,937,11,0024-02-02
1034,WVS01H,WVS01H,,CROLE,8,1599,NDDS-0001-1-C11,937,12,0024-02-02
1034,WVS01H,WVS01H,,CROLE,8,1600,NDDS-0001-1-C11,937,13,0024-07-02
1034,WVS01H,WVS01H,,CROLE,8,1601,NDDS-0001-1-C11,937,14,0024-07-02
1034,WVS01H,WVS01H,,CROLE,8,1602,NDDS-0001-1-C11,937,15,0024-07-02
1034,WVS01H,WVS01H,,CROLE,8,1603,NDDS-0001-1-C11,937,16,0024-07-02
1034,WVS01H,WVS01H,,CROLE,8,1604,NDDS-0001-1-C11,937,17,0024-07-02
1034,WVS01H,WVS01H,,CROLE,8,1605,NDDS-0001-1-C11,937,18,0024-07-02
1034,WVS01H,WVS01H,,CROLE,8,1606,NDDS-0001-1-C11,937,19,0024-07-02
1035,WVS01H PB,WVS01H,PB,CROLE,8,1607,NDDS-0001-1-C11,937,20,0024-07-02
1035,WVS01H PB,WVS01H,PB,CROLE,8,1608,NDDS-0001-1-C11,937,21,0024-07-02
1036,WVS02A,WVS02A,,DEST,,1609,NDDS-0001-1-C11,937,22,0024-07-02
1036,WVS02A,WVS02A,,DEST,,1610,NDDS-0001-1-C11,937,23,0024-07-02
1036,WVS02A,WVS02A,,DEST,,1611,NDDS-0001-1-C11,937,24,0024-07-02
1036,WVS02A,WVS02A,,DEST,,1612,NDDS-0001-1-C11,937,25,0024-07-02
1036,WVS02A,WVS02A,,DEST,,1613,NDDS-0001-1-C11,937,26,0024-07-02
1036,WVS02A,WVS02A,,DEST,,1614,NDDS-0001-1-C11,937,27,0024-07-02
1036,WVS02A,WVS02A,,DEST,,1615,NDDS-0001-1-C11,937,28,0024-07-02
1036,WVS02A,WVS02A,,DEST,,1616,NDDS-0001-1-C11,937,29,0024-07-02
1036,WVS02A,WVS02A,,DEST,,1617,NDDS-0001-1-C11,937,30,0024-07-02
1036,WVS02A,WVS02A,,DEST,,1618,NDDS-0001-1-C11,937,31,0024-07-02
1036,WVS02A,WVS02A,,DEST,,1619,NDDS-0001-1-C11,937,32,0024-07-02
1036,WVS02A,WVS02A,,DEST,,1620,NDDS-0001-1-C11,937,33,0024-07-02
1036,WVS02A,WVS02A,,DEST,,1621,NDDS-0001-1-C11,937,34,0024-07-02
1036,WVS02A,WVS02A,,DEST,,1622,NDDS-0001-1-C11,937,35,0024-07-02
1036,WVS02A,WVS02A,,DEST,,1623,NDDS-0001-1-C11,938,36,0024-07-02
1036,WVS02A,WVS02A,,DEST,,1624,HEK 293T,896,25,0023-02-20
1036,WVS02A,WVS02A,,DEST,,1625,HEK 293T,896,26,0023-02-20
1036,WVS02A,WVS02A,,DEST,,1626,HEK 293T,896,27,0023-02-20
1036,WVS02A,WVS02A,,DEST,,1627,HEK 293T,896,28,0023-02-20
1036,WVS02A,WVS02A,,DEST,,1628,HEK 293T,896,29,0023-02-20
1036,WVS02A,WVS02A,,DEST,,1629,Mock,,,2024-02-15
1036,WVS02A,WVS02A,,DEST,,1630,Mock,939,2,2024-02-15
1036,WVS02A,WVS02A,,DEST,,1631,Mock,939,1,2024-02-15
1036,WVS02A,WVS02A,,DEST,,1632,Mock,939,3,2024-02-15
1037,WVS02A PB,WVS02A,PB,DEST,,1633,Mock,939,81,2024-02-15
1037,WVS02A PB,WVS02A,PB,DEST,,1634,CTL08A,841,1,2024-02-16
1038,WVS03B,WVS03B,,SA,2,1635,CTL08A,841,2,2024-02-16
1038,WVS03B,WVS03B,,SA,2,1636,CTL08A,841,3,2024-02-16
1038,WVS03B,WVS03B,,SA,2,1637,CTL08A,841,4,2024-02-16
1038,WVS03B,WVS03B,,SA,2,1638,CTL08A,841,5,2024-02-16
1038,WVS03B,WVS03B,,SA,2,1639,CTL08A,841,6,2024-02-16
1038,WVS03B,WVS03B,,SA,2,1640,CTL08A,841,7,2024-02-16
1038,WVS03B,WVS03B,,SA,2,1641,CTL08A,841,8,2024-02-16
1039,WVS03B PB,WVS03B,PB,SA,2,1642,CTL08A,841,9,2024-02-16
1039,WVS03B PB,WVS03B,PB,SA,2,1643,CTL08A,841,18,2024-02-16
1040,WVS04A,WVS04A,,A1544,1,1644,CTL08A,842,81,2024-02-16
1040,WVS04A,WVS04A,,A1544,1,1645,CTL08A,842,72,2024-02-16
1040,WVS04A,WVS04A,,A1544,1,1646,CTL08A,842,71,2024-02-16
1040,WVS04A,WVS04A,,A1544,1,1647,CTL08A,842,80,2024-02-16
1040,WVS04A,WVS04A,,A1544,1,1648,CTL08A,842,79,2024-02-16
1040,WVS04A,WVS04A,,A1544,1,1649,CTL08A,842,70,2024-02-16
1040,WVS04A,WVS04A,,A1544,1,1650,CTL08A,842,68,2024-02-16
1040,WVS04A,WVS04A,,A1544,1,1651,CTL08A,842,69,2024-02-16
1040,WVS04A,WVS04A,,A1544,1,1652,CTL08A,842,78,2024-02-16
1040,WVS04A,WVS04A,,A1544,1,1653,CTL08A,842,77,2024-02-16
1040,WVS04A,WVS04A,,A1544,1,1654,CTL08A,841,11,2024-02-16
1040,WVS04A,WVS04A,,A1544,1,1655,CTL08A,841,12,2024-02-16
1041,WVS04A PB,WVS04A,PB,A1544,1,1656,CTL08A,841,13,2024-02-16
1041,WVS04A PB,WVS04A,PB,A1544,1,1657,CTL08A,841,14,2024-02-16
1041,WVS04A PB,WVS04A,PB,A1544,1,1658,CTL08A,841,15,2024-02-16
1049,Mock,Mock,Mock,Mock,Mock,1659,CTL08A,841,16,2024-02-16
1049,Mock,Mock,Mock,Mock,Mock,1660,CTL08A,841,17,2024-02-16
1049,Mock,Mock,Mock,Mock,Mock,1661,CTL08A,841,19,2024-02-16
1049,Mock,Mock,Mock,Mock,Mock,1662,CTL08A,841,20,2024-02-16
1049,Mock,Mock,Mock,Mock,Mock,1663,CTL08A,841,21,2024-02-16
